region,OBJECTID,site_ID,AUTHORIZATION_TYPE,company_person,Expiry Date of Lease/Permit/Licence,Cultivation Method,Site Size (HA),species,species_type
New Brunswick,4,MS-1178,Q09,Brantville Acquaculture Ltee.,"April 1, 2032","Bottom culture,Not Applicable,Off-bottom culture,Suspended culture",5,,Shellfish
New Brunswick,7,MS-0796,Q09,Joanne Cormier,"April 1, 2032","Bottom culture,Off-bottom culture,Suspended culture",9.47,,Shellfish
New Brunswick,9,MS-0034,Q09,Fernand Poirier and Jason Poirier,"April 1, 2032",Bottom culture,0.81,,Shellfish
New Brunswick,11,MS-0623,Q09,Etienne Beaudin,"April 1, 2032","Bottom culture,Not Applicable",16.11,,Shellfish
New Brunswick,14,MS-0755,Q09,Pêcheries Nicholas C. Ltée,"March 1, 2032",Bottom culture,8.13,,Shellfish
New Brunswick,16,MS-1292,Q09,"Clarence Poirier,Andréa Doiron","April 1, 2032",Bottom culture,4.68,,Shellfish
New Brunswick,18,MS-0323,Q09,Armel Guignard,"April 1, 2032",Bottom culture,1.62,,Shellfish
New Brunswick,21,MS-0939,Q09,Huîtres Aquador Inc./ Aquador Oysters Inc.,"April 1, 2033",Bottom culture,4.85,,Shellfish
New Brunswick,23,MS-1200,Q09,King Aquaculture Inc.,"April 1, 2043","Bottom culture,Off-bottom culture,Suspended culture",7.98,,Shellfish
New Brunswick,25,MS-1227,Q09,Sylvain Benoit et Aldrice Benoit,"April 1, 2043","Bottom culture,Off-bottom culture,Suspended culture",3.6,,Shellfish
New Brunswick,27,MS-1218,Q09,Vernon Thibodeau et Jessica Thibodeau,"April 1, 2033","Bottom culture,Off-bottom culture,Suspended culture",2,,Shellfish
New Brunswick,29,MS-0103,Q09,Raoul Gaudet,"April 1, 2033",Bottom culture,3.32,,Shellfish
New Brunswick,31,MS-0648,Q09,Émile Basque,"April 1, 2033",Bottom culture,3.28,,Shellfish
New Brunswick,33,MS-0367,Q09,Philippe Breau,"April 1, 2044",Bottom culture,4.86,,Shellfish
New Brunswick,35,MS-0709,Q09,Denis Doiron,"April 1, 2033","Bottom culture,Off-bottom culture,Suspended culture",21.09,,Shellfish
New Brunswick,37,MS-1296,Q09,Archie Allain,"April 1, 2043",Bottom culture,2.59,,Shellfish
New Brunswick,38,MS-1007,Q09,La Maison Beausoleil (2010) Inc.,"April 1, 2033","Bottom culture,Off-bottom culture,Suspended culture",22.02,,Shellfish
New Brunswick,40,MS-0930,Q09,La Maison Beausoleil (2010) Inc.,"April 1, 2034","Bottom culture,Off-bottom culture,Suspended culture",12.4,,Shellfish
New Brunswick,42,MS-1193,Q09,Eric Doiron,"April 1, 2033",Bottom culture,3.76,,Shellfish
New Brunswick,43,MS-0100,Q09,L2 - Recherche & Production Aquacole Inc.,"April 1, 2043","Bottom culture,Off-bottom culture,Suspended culture",18.38,,Shellfish
New Brunswick,45,MS-0698,Q09,L2 - Recherche & Production Aquacole Inc.,"April 1, 2033","Bottom culture,Off-bottom culture,Suspended culture",24.3,,Shellfish
New Brunswick,48,MS-0112,Q09,Eymard Noël et Rose-Mai Noël,"April 1, 2033",Bottom culture,2.43,,Shellfish
New Brunswick,51,MS-1315,Q09,Gaëtan Duguay,"April 1, 2034",Bottom culture,3.24,,Shellfish
New Brunswick,55,MS-1046,Q09,Zoël McLaughlin et Stéphane McLaughlin,"April 1, 2044","Bottom culture,Off-bottom culture,Suspended culture",13.8,,Shellfish
New Brunswick,56,MS-0827,Q09,Émile Basque,"April 1, 2024",Bottom culture,2.28,,Shellfish
New Brunswick,60,MS-1217,Q09,Martial Thibodeau et Sabine Thibodeau,"April 1, 2044","Bottom culture,Off-bottom culture,Suspended culture",4,,Shellfish
New Brunswick,62,MS-1212,Q09,Brantville Acquaculture Ltee.,"April 1, 2044","Bottom culture,Off-bottom culture,Suspended culture",11.14,,Shellfish
New Brunswick,65,MS-1265,Q11,Brantville Acquaculture Ltee.,"April 1, 2026","Bottom culture,Off-bottom culture",6.7,,Shellfish
New Brunswick,66,MS-0240,Q09,Little Shemogue Oyster Company LTD.,"April 1, 2025",Bottom culture,5.87,,Shellfish
New Brunswick,68,MS-0115,Q09,Huître M.D. Oysters Inc.,"April 1, 2025","Bottom culture,Off-bottom culture,Suspended culture",5.1,,Shellfish
New Brunswick,70,MS-1184,Q09,La Maison Beausoleil (2010) Inc.,"April 1, 2025",Bottom culture,2.42,,Shellfish
New Brunswick,78,MS-1186,Q09,Alvain Thibodeau,"April 1, 2035","Bottom culture,Off-bottom culture,Suspended culture",2.43,,Shellfish
New Brunswick,81,MS-0621,Q09,R.M.L. PECHE LTEE,"April 1, 2035","Bottom culture,Off-bottom culture,Suspended culture",1.21,,Shellfish
New Brunswick,83,MS-0573,Q09,Michel Doiron,"April 1, 2025",Bottom culture,0.78,,Shellfish
New Brunswick,90,MS-1322,Q09,LCJ Oyster Aquaculture Inc.,"April 1, 2035","Bottom culture,Off-bottom culture,Suspended culture",10.25,,Shellfish
New Brunswick,92,MS-1323,Q09,Bouctouche Bay Oysters Inc.,"April 1, 2025","Bottom culture,Off-bottom culture,Suspended culture",10.25,,Shellfish
New Brunswick,93,MS-0636,Q09,Nicholas Savoie,"April 1, 2026",Bottom culture,1.09,,Shellfish
New Brunswick,95,MS-0745,Q09,Donald Caissie,"April 1, 2026",Bottom culture,11.5,,Shellfish
New Brunswick,97,MS-0759,Q09,Donald Caissie,"April 1, 2026","Bottom culture,Off-bottom culture,Suspended culture",13.6,,Shellfish
New Brunswick,101,MS-0220,Q09,Alvain Thibodeau,"April 1, 2035","Bottom culture,Off-bottom culture,Suspended culture",4.05,,Shellfish
New Brunswick,103,MS-0832,Q09,La Maison Beausoleil (2010) Inc.,"April 1, 2035","Bottom culture,Off-bottom culture,Suspended culture",1.21,,Shellfish
New Brunswick,106,,Q09,Jason MacKnight,"April 1, 2025",Not Applicable,2.42,,Shellfish
New Brunswick,109,MS-1366,Q09,LeBlanc Oyster Bay Ltd.,"April 1, 2026","Bottom culture,Off-bottom culture,Suspended culture",1.7,,Shellfish
New Brunswick,112,MS-1330,Q09,Mauril Bastarache,"April 1, 2028","Bottom culture,Off-bottom culture,Suspended culture",11.25,,Shellfish
New Brunswick,114,MS-1116,Q09,Michel Dignard,"April 1, 2026","Bottom culture,Off-bottom culture,Suspended culture",7,,Shellfish
New Brunswick,118,MS-0073,Q09,Marcel LeBlanc,"April 1, 2026",Bottom culture,6.07,,Shellfish
New Brunswick,120,MS-0382,Q09,La Maison Beausoleil (2010) Inc.,"April 1, 2026","Bottom culture,Off-bottom culture,Suspended culture",29.76,,Shellfish
New Brunswick,122,MS-1188,Q09,La Maison Beausoleil (2010) Inc.,"April 1, 2026","Bottom culture,Off-bottom culture,Suspended culture",25.77,,Shellfish
New Brunswick,124,MS-1057,Q09,Nicholas Savoie,"April 1, 2026","Bottom culture,Off-bottom culture,Suspended culture",2.75,,Shellfish
New Brunswick,128,MS-0327,Q09,Gabriel Plourde,"April 1, 2026",Bottom culture,4.05,,Shellfish
New Brunswick,132,MS-0075,Q09,Jean-Marcial Comeau & Analiza Comeau,"April 1, 2026","Bottom culture,Off-bottom culture,Suspended culture",2.75,,Shellfish
New Brunswick,134,MS-1337,Q09,J&S Oysters Inc.,"April 1, 2026","Bottom culture,Off-bottom culture,Suspended culture",8.2,,Shellfish
New Brunswick,135,MS-0091,Q09,Pêcheries Thibodeau et Fils Ltée,"April 1, 2026","Bottom culture,Off-bottom culture,Suspended culture",5.24,,Shellfish
New Brunswick,138,MS-1199,Q11,Pêcheries Thibodeau et Fils Ltée,"April 1, 2025","Bottom culture,Off-bottom culture",2.5,,Shellfish
New Brunswick,139,MS-1236,Q09,King Aquaculture Inc.,"April 1, 2026","Bottom culture,Off-bottom culture,Suspended culture",5,,Shellfish
New Brunswick,140,MS-0235,Q09,Guy Breault,"April 1, 2026",Bottom culture,1.21,,Shellfish
New Brunswick,144,MS-1371,Q09,L'ETANG RUISSEAU BAR LIMITEE,"April 1, 2027","Bottom culture,Off-bottom culture,Suspended culture",12.32,,Shellfish
New Brunswick,150,MS-0489,Q09,L'ETANG RUISSEAU BAR LIMITEE,"April 1, 2026","Bottom culture,Off-bottom culture,Suspended culture",4.45,,Shellfish
New Brunswick,152,MS-1177,Q09,Conchyliculture Gloucester Shellfish Company Inc.,"April 1, 2027","Bottom culture,Off-bottom culture,Suspended culture",5.95,,Shellfish
New Brunswick,157,MS-0457,Q09,Dave Loten,"April 1, 2027","Bottom culture,Off-bottom culture,Suspended culture",4.91,,Shellfish
New Brunswick,159,MS-0369,Q09,Dave Loten,"April 1, 2027",Bottom culture,4.05,,Shellfish
New Brunswick,161,MS-0622,Q09,Dave Loten,"April 1, 2027",Bottom culture,1.01,,Shellfish
New Brunswick,164,MS-1390,Q09,Émile Basque,"April 1, 2027","Bottom culture,Off-bottom culture,Suspended culture",12.33,,Shellfish
New Brunswick,167,MS-0729,Q09,Sylvio LeBlanc,"April 1, 2027","Bottom culture,Off-bottom culture,Suspended culture",4.93,,Shellfish
New Brunswick,169,MS-0361,Q09,Michel Savoie et Philippe Doiron,"April 1, 2027",Bottom culture,10.96,,Shellfish
New Brunswick,172,MS-0524,Q09,Manon Lanteigne et Benoit Lebeau,"April 1, 2027","Bottom culture,Off-bottom culture,Suspended culture",5.95,,Shellfish
New Brunswick,174,MS-1346,Q09,Donald Caissie,"April 1, 2027","Bottom culture,Off-bottom culture,Suspended culture",7.72,,Shellfish
New Brunswick,175,MS-1324,Q09,Huîtres Aquador Inc./ Aquador Oysters Inc.,"April 1, 2027","Bottom culture,Off-bottom culture,Suspended culture",4.85,,Shellfish
New Brunswick,176,MS-0804,Q09,Frederick Benoit,"April 1, 2027","Bottom culture,Off-bottom culture,Suspended culture",4.86,,Shellfish
New Brunswick,180,MS-1313,Q11,Roger Rousselle,"April 1, 2026",Suspended culture,2.3,,Shellfish
New Brunswick,181,MS-1376,Q09,Benoît Brideau,"April 1, 2027","Bottom culture,Off-bottom culture,Suspended culture",2.5,,Shellfish
New Brunswick,183,MS-0063,Q09,Indian Island First Nation,"April 1, 2027","Bottom culture,Off-bottom culture,Suspended culture",5.21,,Shellfish
New Brunswick,185,MS-1299,Q09,Eymard Noël et Rose-Mai Noël,"April 1, 2027",Bottom culture,4.05,,Shellfish
New Brunswick,187,MS-1395,Q09,Les Huîtres de Néguac Ltée / Neguac Oysters Ltd.,"April 1, 2027","Bottom culture,Off-bottom culture,Suspended culture",2.56,,Shellfish
New Brunswick,189,MS-0409,Q09,Eric Savoie,"April 1, 2027","Bottom culture,Off-bottom culture,Suspended culture",4.05,,Shellfish
New Brunswick,191,MS-1081,Q09,Martial Power,"April 1, 2027","Bottom culture,Off-bottom culture,Suspended culture",9.05,,Shellfish
New Brunswick,193,MS-0632,Q09,Sebastian Savoie,"April 1, 2027",Bottom culture,1.21,,Shellfish
New Brunswick,196,MS-0772,Q09,Sebastian Savoie,"April 1, 2027",Bottom culture,2.1,,Shellfish
New Brunswick,200,MS-1120,Q09,L'ETANG RUISSEAU BAR LIMITEE,"March 27, 2027","Bottom culture,Off-bottom culture,Suspended culture",6.6,,Shellfish
New Brunswick,202,MS-1219,Q09,L'ETANG RUISSEAU BAR LIMITEE,"April 1, 2027","Bottom culture,Off-bottom culture,Suspended culture",12.15,,Shellfish
New Brunswick,204,MS-1017,Q09,L'ETANG RUISSEAU BAR LIMITEE,"April 1, 2027","Bottom culture,Off-bottom culture,Suspended culture",4.86,,Shellfish
New Brunswick,206,MS-0770,Q09,Mélodia Benoit et Sébastien Benoit,"April 1, 2027",Bottom culture,1.09,,Shellfish
New Brunswick,208,MS-1379,Q09,Jean-Baptiste Savoie,"April 1, 2027",Bottom culture,6.38,,Shellfish
New Brunswick,210,MS-1269,Q09,Jean-Claude Breau,"April 1, 2027",Bottom culture,5.58,,Shellfish
New Brunswick,212,MS-0373,Q09,Pêcheries Germain Landry Inc.,"April 1, 2027",Bottom culture,4.86,,Shellfish
New Brunswick,214,MS-0695,Q09,Michel Savoie,"April 1, 2027",Bottom culture,1.01,,Shellfish
New Brunswick,216,MS-1357,Q09,Cocagne Aquaculture Inc.,"April 1, 2028","Bottom culture,Cage Culture,Not Applicable,Off-bottom culture",5.41,,Shellfish
New Brunswick,217,MS-1360,Q09,David Richard,"April 1, 2028","Bottom culture,Off-bottom culture,Suspended culture",5,,Shellfish
New Brunswick,218,MS-1405,Q09,Melanson Oyster Growers Inc.,"April 1, 2028","Bottom culture,Off-bottom culture,Suspended culture",2.46,,Shellfish
New Brunswick,220,MS-1355,Q09,ANCHOROCK ENTERPRISE INC.,"April 1, 2043","Bottom culture,Off-bottom culture,Suspended culture",5,,Shellfish
New Brunswick,221,MS-1382,Q09,LeBlanc Oyster Bay Ltd.,"April 1, 2028","Bottom culture,Off-bottom culture,Suspended culture",4.96,,Shellfish
New Brunswick,222,MS-1406,Q09,M & R Oyster Farm Inc.,"April 1, 2028","Bottom culture,Off-bottom culture,Suspended culture",1.68,,Shellfish
New Brunswick,224,MS-1361,Q09,M & R Oyster Farm Inc.,"April 1, 2028","Bottom culture,Off-bottom culture,Suspended culture",3.32,,Shellfish
New Brunswick,225,MS-1380,Q09,Southeast Aquaculture Sud-Est Inc.,"April 1, 2028","Bottom culture,Off-bottom culture,Suspended culture",5,,Shellfish
New Brunswick,230,MS-1383,Q09,Norm's Oyster Farm Ltd.,"April 1, 2028","Bottom culture,Off-bottom culture,Suspended culture",4.96,,Shellfish
New Brunswick,233,MS-0967,Q09,ANCHOROCK ENTERPRISE INC.,"April 1, 2043","Bottom culture,Off-bottom culture,Suspended culture",4.86,,Shellfish
New Brunswick,234,MS-0276,Q09,Luc Bussière,"April 1, 2028",Bottom culture,1.62,,Shellfish
New Brunswick,236,MS-1384,Q09,ALLAIN AQUACULTURE INC.,"April 1, 2028","Bottom culture,Off-bottom culture,Suspended culture",4.96,,Shellfish
New Brunswick,238,MS-1402,Q09,Hugues Chiasson,"April 1, 2028",Bottom culture,2.42,,Shellfish
New Brunswick,240,MS-1075,Q09,L'ETANG RUISSEAU BAR LIMITEE,"April 1, 2028","Bottom culture,Off-bottom culture,Suspended culture",5.14,,Shellfish
New Brunswick,242,MS-1076,Q09,L'ETANG RUISSEAU BAR LIMITEE,"April 1, 2028","Bottom culture,Off-bottom culture,Suspended culture",3.84,,Shellfish
New Brunswick,244,MS-1347,Q09,Jean-Marc Poirier,"April 1, 2028","Bottom culture,Off-bottom culture,Suspended culture",3.42,,Shellfish
New Brunswick,246,MS-1381,Q09,King Aquaculture Inc.,"April 1, 2028","Bottom culture,Off-bottom culture,Suspended culture",5.25,,Shellfish
New Brunswick,248,MS-1393,Q09,Buctouche MicMac Band,"April 1, 2028","Bottom culture,Off-bottom culture,Suspended culture",4.96,,Shellfish
New Brunswick,250,MS-1221,Q11,Everard Thibodeau,"April 1, 2023","Bottom culture,Off-bottom culture,Suspended culture",3.5,,Shellfish
New Brunswick,251,MS-1205,Q09,Everard Thibodeau,"April 1, 2028","Bottom culture,Off-bottom culture,Suspended culture",6,,Shellfish
New Brunswick,253,MS-1387,Q09,Indian Island First Nation,"April 1, 2028","Bottom culture,Off-bottom culture,Suspended culture",10,,Shellfish
New Brunswick,254,MS-1412,Q09,Archie Allain,"April 1, 2028","Bottom culture,Off-bottom culture,Suspended culture",10.8,,Shellfish
New Brunswick,256,MS-1365,Q09,Les Huîtres Maroma Inc.,"April 1, 2028","Bottom culture,Off-bottom culture,Suspended culture",5.36,,Shellfish
New Brunswick,258,MS-0522,Q09,Anthony McGraw,"April 1, 2028","Bottom culture,Off-bottom culture,Suspended culture",3.24,,Shellfish
New Brunswick,260,MS-1413,Q09,Les Huîtres de Néguac Ltée / Neguac Oysters Ltd.,"April 1, 2028","Bottom culture,Off-bottom culture,Suspended culture",5.32,,Shellfish
New Brunswick,262,MS-0046,Q09,Mario Duguay,"April 1, 2028",Bottom culture,3.24,,Shellfish
New Brunswick,264,MS-1372,Q09,Gilles Allain,"April 1, 2028",Bottom culture,5.94,,Shellfish
New Brunswick,266,MS-1327,Q09,Indian Island First Nation,"April 1, 2028","Bottom culture,Off-bottom culture,Suspended culture",3.6,,Shellfish
New Brunswick,269,MS-0172,Q09,Indian Island First Nation,"April 1, 2028",Bottom culture,3.24,,Shellfish
New Brunswick,270,MS-0114,Q09,Sylvain Larocque et Marilyn Larocque,"April 1, 2028","Bottom culture,Off-bottom culture,Suspended culture",5.55,,Shellfish
New Brunswick,272,MS-1018,Q09,Gilles Allain,"April 1, 2028","Bottom culture,Off-bottom culture,Suspended culture",4.86,,Shellfish
New Brunswick,274,MS-0083,Q09,Philippe Breau,"April 1, 2028",Bottom culture,2.43,,Shellfish
New Brunswick,275,MS-0028,Q09,Philippe Breau,"April 1, 2028","Bottom culture,Off-bottom culture,Suspended culture",2.19,,Shellfish
New Brunswick,280,MS-0480,Q09,R.M.L. PECHE LTEE,"April 1, 2029",Bottom culture,1.21,,Shellfish
New Brunswick,282,MS-1353,Q09,La Maison Beausoleil (2010) Inc.,"April 1, 2029","Bottom culture,Off-bottom culture,Suspended culture",6.48,,Shellfish
New Brunswick,283,MS-0634,Q09,Eric Larocque,"April 1, 2029",Bottom culture,11.86,,Shellfish
New Brunswick,285,MS-1338,Q09,Benic Oysters Inc.,"April 1, 2029","Bottom culture,Off-bottom culture,Suspended culture",4.46,,Shellfish
New Brunswick,287,MS-1377,Q09,King Aquaculture Inc.,"April 1, 2029","Bottom culture,Off-bottom culture,Suspended culture",2.03,,Shellfish
New Brunswick,289,MS-1158,Q09,Sonia Losier,"April 1, 2029","Bottom culture,Off-bottom culture,Suspended culture",5.07,,Shellfish
New Brunswick,291,MS-1352,Q09,La Maison Beausoleil (2010) Inc.,"April 1, 2029","Bottom culture,Off-bottom culture,Suspended culture",9.07,,Shellfish
New Brunswick,292,MS-0825,Q09,La Maison Beausoleil (2010) Inc.,"April 1, 2029","Bottom culture,Off-bottom culture,Suspended culture",12.29,,Shellfish
New Brunswick,294,MS-1394,Q09,Huîtres Aquador Inc./ Aquador Oysters Inc.,"April 1, 2029","Bottom culture,Off-bottom culture,Suspended culture",6.79,,Shellfish
New Brunswick,295,MS-1404,Q09,Serge Thomas et Jessey Thomas,"April 1, 2029","Bottom culture,Off-bottom culture,Suspended culture",5,,Shellfish
New Brunswick,297,MS-1403,Q09,Yves Arseneau,"April 1, 2029","Bottom culture,Off-bottom culture,Suspended culture",8,,Shellfish
New Brunswick,299,MS-1399,Q09,Jean-Marc Poirier,"April 1, 2029","Bottom culture,Off-bottom culture,Suspended culture",1.19,,Shellfish
New Brunswick,300,MS-1391,Q09,M Poirier Aquaculture Inc.,"April 1, 2029","Bottom culture,Off-bottom culture,Suspended culture",3.97,,Shellfish
New Brunswick,302,MS-1283,Q09,Allain Oyster Grow Ltd.,"April 1, 2029","Bottom culture,Off-bottom culture,Suspended culture",3.64,,Shellfish
New Brunswick,304,MS-1339,Q09,Paul Martin,"April 1, 2029","Bottom culture,Off-bottom culture,Suspended culture",0.76,,Shellfish
New Brunswick,305,MS-0277,Q09,Nicolas Filiatrault,"April 1, 2029",Bottom culture,2.02,,Shellfish
New Brunswick,307,MS-0917,Q09,L2 - Recherche & Production Aquacole Inc.,"April 1, 2029",Suspended culture,16.22,,Shellfish
New Brunswick,309,MS-1416,Q09,Noël Benoît et Stéphanie Vienneau,"April 1, 2029","Bottom culture,Off-bottom culture,Suspended culture",5.58,,Shellfish
New Brunswick,311,MS-0819,Q09,Philippe Levesque Allain,"April 1, 2029","Bottom culture,Off-bottom culture,Suspended culture",0.69,,Shellfish
New Brunswick,313,MS-1414,Q09,Huîtres Aquador Inc./ Aquador Oysters Inc.,"April 1, 2029","Bottom culture,Off-bottom culture,Suspended culture",2.37,,Shellfish
New Brunswick,316,MS-0225,Q09,Denis Doiron,"April 1, 2029","Bottom culture,Off-bottom culture,Suspended culture",8.33,,Shellfish
New Brunswick,318,MS-0737,Q09,Maurice Daigle,"April 1, 2029","Bottom culture,Off-bottom culture,Suspended culture",13.1,,Shellfish
New Brunswick,321,MS-0630,Q09,Dave Hébert,"April 1, 2029",Bottom culture,2.43,,Shellfish
New Brunswick,322,MS-1407,Q09,Acadian Bay Sea Products Inc.,"April 1, 2029","Bottom culture,Off-bottom culture,Suspended culture",5.73,,Shellfish
New Brunswick,324,MS-1194,Q09,Acadian Bay Sea Products Inc.,"April 1, 2029","Bottom culture,Off-bottom culture,Suspended culture",6.8,,Shellfish
New Brunswick,327,MS-1367,Q09,Acadian Bay Sea Products Inc.,"April 1, 2029","Bottom culture,Off-bottom culture,Suspended culture",1.7,,Shellfish
New Brunswick,329,MS-1344,Q09,Acadian Bay Sea Products Inc.,"April 1, 2029","Bottom culture,Off-bottom culture,Suspended culture",6.47,,Shellfish
New Brunswick,331,MS-1214,Q09,Roger Rousselle,"April 1, 2029","Bottom culture,Off-bottom culture,Suspended culture",3,,Shellfish
New Brunswick,333,MS-0076,Q09,Roger Rousselle,"April 1, 2029",Bottom culture,1.34,,Shellfish
New Brunswick,335,MS-1351,Q09,King Aquaculture Inc.,"April 1, 2029","Bottom culture,Off-bottom culture,Suspended culture",7.62,,Shellfish
New Brunswick,337,MS-0740,Q09,Indian Island First Nation,"April 1, 2029",Bottom culture,6.79,,Shellfish
New Brunswick,339,MS-1425,Q09,Albenie Dugas,"April 1, 2029",Bottom culture,4.31,,Shellfish
New Brunswick,341,MS-1426,Q09,Succession Alma Dugas,"April 1, 2029",Bottom culture,4.31,,Shellfish
New Brunswick,343,MS-0514,Q09,Roger Rousselle,"April 1, 2030","Bottom culture,Off-bottom culture,Suspended culture",1.21,,Shellfish
New Brunswick,345,MS-1321,Q09,Acadian Bay Sea Products Inc.,"April 1, 2029","Bottom culture,Off-bottom culture,Suspended culture",10.25,,Shellfish
New Brunswick,346,MS-1343,Q09,Acadian Bay Sea Products Inc.,"April 1, 2026","Bottom culture,Off-bottom culture,Suspended culture",6.65,,Shellfish
New Brunswick,348,MS-1159,Q09,Patrick LeBreton,"April 1, 2030","Bottom culture,Off-bottom culture,Suspended culture",3.72,,Shellfish
New Brunswick,350,MS-0152,Q09,Huîtres Aquador Inc./ Aquador Oysters Inc.,"April 1, 2030","Bottom culture,Off-bottom culture,Suspended culture",0.4,,Shellfish
New Brunswick,352,MS-0579,Q09,Huîtres Aquador Inc./ Aquador Oysters Inc.,"April 1, 2030","Bottom culture,Off-bottom culture,Suspended culture",0.81,,Shellfish
New Brunswick,354,MS-0168,Q09,Huîtres Aquador Inc./ Aquador Oysters Inc.,"April 1, 2030","Bottom culture,Off-bottom culture,Suspended culture",1.62,,Shellfish
New Brunswick,356,MS-1244,Q09,Huîtres Aquador Inc./ Aquador Oysters Inc.,"April 1, 2030","Bottom culture,Off-bottom culture,Suspended culture",3.83,,Shellfish
New Brunswick,358,MS-1196,Q09,King Aquaculture Inc.,"April 1, 2026","Bottom culture,Off-bottom culture,Suspended culture",14.58,,Shellfish
New Brunswick,360,MS-0080,Q09,Livain Benoit et Alberto Benoit,"April 1, 2030","Bottom culture,Off-bottom culture,Suspended culture",3.24,,Shellfish
New Brunswick,362,MS-0860,Q09,Martin Thibodeau,"April 1, 2030","Bottom culture,Off-bottom culture,Suspended culture",4.05,,Shellfish
New Brunswick,364,MS-1015,Q09,R.M.L. PECHE LTEE,"April 1, 2031","Bottom culture,Off-bottom culture,Suspended culture",3,,Shellfish
New Brunswick,366,MS-1016,Q09,R.M.L. PECHE LTEE,"April 1, 2031","Bottom culture,Off-bottom culture,Suspended culture",2.43,,Shellfish
New Brunswick,368,MS-1370,Q09,R.M.L. PECHE LTEE,"April 1, 2031","Bottom culture,Off-bottom culture,Suspended culture",1.62,,Shellfish
New Brunswick,369,MS-0509,Q09,André Robichaud,"April 1, 2030",Bottom culture,3.24,,Shellfish
New Brunswick,371,MS-1408,Q09,Lawrence Bulger et Nathalie Bulger,"April 1, 2030","Bottom culture,Off-bottom culture,Suspended culture",4.97,,Shellfish
New Brunswick,373,MS-1415,Q09,Bruno Benoit,"April 1, 2030",Suspended culture,3.56,,Shellfish
New Brunswick,375,MS-1421,Q09,Allison Thibodeau,"April 1, 2030","Bottom culture,Off-bottom culture,Suspended culture",1.22,,Shellfish
New Brunswick,377,MS-1422,Q09,Martial Thibodeau,"April 1, 2030","Bottom culture,Off-bottom culture,Suspended culture",1.22,,Shellfish
New Brunswick,379,MS-1429,Q09,Elsipogtog First Nation,"April 1, 2031","Bottom culture,Off-bottom culture,Suspended culture",6.06,,Shellfish
New Brunswick,381,MS-1342,Q09,R & D Shellfish Ltd.,"April 1, 2030","Bottom culture,Off-bottom culture,Suspended culture",8.11,,Shellfish
New Brunswick,383,MS-0511,Q09,Pierre Mallais,"April 1, 2030","Bottom culture,Off-bottom culture,Suspended culture",4.01,,Shellfish
New Brunswick,385,MS-1417,Q09,L'ETANG RUISSEAU BAR LIMITEE,"April 1, 2030","Bottom culture,Off-bottom culture,Suspended culture",21.48,,Shellfish
New Brunswick,387,MS-1181,Q09,Cléo Rousselle et Jean-Paul Benoît,"April 1, 2030","Bottom culture,Off-bottom culture,Suspended culture",7.5,,Shellfish
New Brunswick,389,MS-1434,Q09,King Aquaculture Inc.,"April 1, 2030","Bottom culture,Off-bottom culture,Suspended culture",5.25,,Shellfish
New Brunswick,391,MS-0625,Q09,Pierre Bolduc,"April 1, 2030","Bottom culture,Off-bottom culture,Suspended culture",1.13,,Shellfish
New Brunswick,393,MS-0635,Q09,Luc Maillet,"April 1, 2030","Bottom culture,Off-bottom culture,Suspended culture",0.97,,Shellfish
New Brunswick,395,MS-1427,Q09,Huîtres Aquador Inc./ Aquador Oysters Inc.,"April 1, 2030","Bottom culture,Off-bottom culture,Suspended culture",2.43,,Shellfish
New Brunswick,397,MS-0682,Q09,Mathieu LeBlanc,"April 1, 2030","Bottom culture,Off-bottom culture,Suspended culture",4.86,,Shellfish
New Brunswick,399,MS-0178,Q09,Nicole Beaudin et Martin Arsenault,"April 1, 2030",Bottom culture,2.83,,Shellfish
New Brunswick,402,MS-1438,Q09,J&S Oysters Inc.,"April 1, 2029","Bottom culture,Off-bottom culture,Suspended culture",4.82,,Shellfish
New Brunswick,404,MS-0670,Q09,Donny Dutcher,"April 1, 2028",Bottom culture,10.12,,Shellfish
New Brunswick,405,MS-1021,Q09,L2 - Recherche & Production Aquacole Inc.,"April 1, 2030","Bottom culture,Off-bottom culture,Suspended culture",21.37,,Shellfish
New Brunswick,406,MS-1044,Q09,James Labillois DBA Heron Island Oyster Grow,"April 1, 2030","Bottom culture,Off-bottom culture,Suspended culture",5,,Shellfish
New Brunswick,408,MS-1045,Q11,James Labillois DBA Heron Island Oyster Grow,"April 1, 2023","Bottom culture,Off-bottom culture,Suspended culture",5,,Shellfish
New Brunswick,410,MS-0408,Q09,Janie Thibodeau Benoit,"April 1, 2031","Bottom culture,Off-bottom culture,Suspended culture",2.63,,Shellfish
New Brunswick,412,MS-0644,Q09,La Maison Beausoleil (2010) Inc.,"April 1, 2027","Bottom culture,Off-bottom culture,Suspended culture",2.43,,Shellfish
New Brunswick,414,MS-0829,Q09,La Maison Beausoleil (2010) Inc.,"April 1, 2027","Bottom culture,Off-bottom culture,Suspended culture",1.34,,Shellfish
New Brunswick,416,MS-0638,Q09,La Maison Beausoleil (2010) Inc.,"April 1, 2027",Bottom culture,1.9,,Shellfish
New Brunswick,417,MS-0650,Q09,La Maison Beausoleil (2010) Inc.,"April 1, 2031",Bottom culture,0.85,,Shellfish
New Brunswick,420,MS-1431,Q09,Acadian Bay Sea Products Inc.,"April 1, 2031","Bottom culture,Off-bottom culture,Suspended culture",4.96,,Shellfish
New Brunswick,422,MS-1042,Q09,L'ETANG RUISSEAU BAR LIMITEE,"April 1, 2031","Bottom culture,Off-bottom culture,Suspended culture",13.1,,Shellfish
New Brunswick,424,MS-1037,Q09,Linda Robichaud,"April 1, 2031","Bottom culture,Off-bottom culture,Suspended culture",8,,Shellfish
New Brunswick,426,MS-1155,Q09,Samuel Noël,"April 1, 2027",Bottom culture,2.23,,Shellfish
New Brunswick,428,MS-0642,Q09,Ian Breau,"April 1, 2031","Bottom culture,Off-bottom culture,Suspended culture",3.64,,Shellfish
New Brunswick,430,MS-1437,Q09,Reno Benoit et Géraldine Breau,"April 1, 2031","Bottom culture,Off-bottom culture,Suspended culture",9.58,,Shellfish
New Brunswick,432,MS-1436,Q09,Jean-Marc Poirier,"April 1, 2031","Bottom culture,Off-bottom culture,Suspended culture",1.7,,Shellfish
New Brunswick,433,MS-1166,Q11,The Bay of Fundy Oyster Company Inc.,"April 1, 2027",Not Applicable,20,,Shellfish
New Brunswick,435,MS-1284,Q09,Daigle Aquaculture Inc.,"April 1, 2031","Bottom culture,Off-bottom culture,Suspended culture",6.19,,Shellfish
New Brunswick,437,MS-1128,Q09,Emery A. & Sons Oyster Farm Ltd.,"April 1, 2026","Bottom culture,Off-bottom culture,Suspended culture",5.03,,Shellfish
New Brunswick,439,MS-1263,Q09,Emery A. & Sons Oyster Farm Ltd.,"April 1, 2026","Bottom culture,Off-bottom culture,Suspended culture",4.08,,Shellfish
New Brunswick,441,MS-1231,Q09,Eric Benoit,"April 1, 2031","Bottom culture,Off-bottom culture,Suspended culture",4.46,,Shellfish
New Brunswick,443,MS-0372,Q09,LRRS Enterprise LP,"April 1, 2031","Bottom culture,Off-bottom culture",31.45,,Shellfish
New Brunswick,445,MS-0726,Q09,LRRS Enterprise LP,"April 1, 2027","Bottom culture,Off-bottom culture,Suspended culture",7,,Shellfish
New Brunswick,447,MS-0810,Q09,LRRS Enterprise LP,"April 1, 2034",Bottom culture,4.45,,Shellfish
New Brunswick,449,MS-0811,Q09,LRRS Enterprise LP,"April 1, 2034",Bottom culture,4.05,,Shellfish
New Brunswick,451,MS-0580,Q09,Ginette Richard,"April 1, 2031",Bottom culture,4.33,,Shellfish
New Brunswick,453,MS-0239,Q09,Brandon Michael Milton and Shawn Stright,"April 1, 2031",Bottom culture,8.42,,Shellfish
New Brunswick,455,MS-1420,Q09,LCJ Oyster Aquaculture Inc.,"April 1, 2030","Bottom culture,Off-bottom culture,Suspended culture",6.42,,Shellfish
New Brunswick,457,MS-1409,Q09,Guylaine Bulger and Paula Bulger,"April 1, 2028","Bottom culture,Off-bottom culture,Suspended culture",4.97,,Shellfish
New Brunswick,459,MS-1363,Q09,Jean-Francois Daigle,"April 1, 2032","Bottom culture,Off-bottom culture,Suspended culture",4.16,,Shellfish
New Brunswick,460,MS-1340,Q09,694618 NB INC.,"April 1, 2026","Bottom culture,Off-bottom culture,Suspended culture",3.3,,Shellfish
New Brunswick,462,MS-1341,Q09,694618 NB INC.,"April 1, 2026","Bottom culture,Off-bottom culture,Suspended culture",3.69,,Shellfish
New Brunswick,465,MS-1362,Q09,Maxime Daigle,"April 1, 2032","Bottom culture,Off-bottom culture,Suspended culture",4.81,,Shellfish
New Brunswick,466,MS-1440,Q09,Aldor Rousselle,"April 1, 2032","Bottom culture,Off-bottom culture,Suspended culture",1.25,,Shellfish
New Brunswick,468,MS-1556,Q09,Aldor Rousselle,"April 1, 2032","Bottom culture,Off-bottom culture,Suspended culture",1.5,,Shellfish
New Brunswick,471,MS-1442,Q09,Stéphane Richardson,"April 1, 2032","Bottom culture,Off-bottom culture,Suspended culture",1.25,,Shellfish
New Brunswick,473,MS-1557,Q09,Stéphane Richardson,"April 1, 2032","Bottom culture,Off-bottom culture,Suspended culture",1.5,,Shellfish
New Brunswick,475,MS-1430,Q09,Patrick LeBreton,"April 1, 2032","Bottom culture,Off-bottom culture,Suspended culture",2.63,,Shellfish
New Brunswick,477,MS-1432,Q09,Patrick LeBreton,"April 1, 2032",Bottom culture,3.8,,Shellfish
New Brunswick,479,MS-0078,Q09,Kevin Yvon Kelly,"April 1, 2028",Bottom culture,3.24,,Shellfish
New Brunswick,483,MS-1555,Q09,David Jones et Nicolas Plourde,"April 1, 2026",Bottom culture,1.21,,Shellfish
New Brunswick,486,MS-0207,Q09,Michel Mazerolle et François Mazerolle,"April 1, 2032",Bottom culture,1.91,,Shellfish
New Brunswick,488,MS-0683,Q09,Nicholas Savoie,"April 1, 2033","Bottom culture,Off-bottom culture,Suspended culture",2.43,,Shellfish
New Brunswick,490,MS-1311,Q09,René Comeau,"April 1, 2030","Bottom culture,Off-bottom culture,Suspended culture",2.5,,Shellfish
New Brunswick,493,MS-1445,Q09,Buctouche MicMac Band,"April 1, 2032","Bottom culture,Off-bottom culture,Suspended culture",4.96,,Shellfish
New Brunswick,494,MS-0919,Q09,King Aquaculture Inc.,"April 1, 2045","Bottom culture,Off-bottom culture",4.86,"2: American oyster,34: Quahog",Shellfish
New Brunswick,498,MS-1273,Q09,3213861 NOVA SCOTIA LIMITED,"April 1, 2032",Bottom culture,8.69,,Shellfish
New Brunswick,500,MS-1348,Q09,King Transfer Ltd.,"April 1, 2029","Bottom culture,Off-bottom culture,Suspended culture",4.82,,Shellfish
New Brunswick,502,MS-0167,Q09,Acadian Bay Sea Products Inc.,"April 1, 2031","Bottom culture,Off-bottom culture,Suspended culture",0.81,,Shellfish
New Brunswick,504,MS-1288,Q09,Norm's Oyster Farm Ltd.,"April 1, 2043","Bottom culture,Off-bottom culture,Suspended culture",5,,Shellfish
New Brunswick,506,MS-1287,Q09,Southeast Aquaculture Sud-Est Inc.,"April 1, 2043","Bottom culture,Off-bottom culture,Suspended culture",5.3,,Shellfish
New Brunswick,508,MS-0297,Q09,Denis Doiron,"April 1, 2031",Bottom culture,5.39,,Shellfish
New Brunswick,510,MS-0243,Q09,La Maison Beausoleil (2010) Inc.,"April 1, 2025",Bottom culture,1.34,,Shellfish
New Brunswick,513,MS-1306,Q09,Les Huîtres Maroma Inc.,"April 1, 2029","Bottom culture,Off-bottom culture,Suspended culture",4.25,,Shellfish
New Brunswick,515,MS-1397,Q09,Les Huîtres Maroma Inc.,"April 1, 2028","Bottom culture,Off-bottom culture,Suspended culture",20.11,,Shellfish
New Brunswick,517,MS-0090,Q09,Ernest McGraw,"April 1, 2033","Bottom culture,Off-bottom culture,Suspended culture",3.48,,Shellfish
New Brunswick,518,MS-1333,Q09,Acadian Bay Sea Products Inc.,"April 1, 2028","Bottom culture,Off-bottom culture,Suspended culture",5.63,,Shellfish
New Brunswick,519,MS-1211,Q09,Jaillet Aquaculture Inc.,"April 1, 2030","Bottom culture,Off-bottom culture,Suspended culture",4.85,,Shellfish
New Brunswick,520,MS-1334,Q09,M.R. JAILLET ENTERPRISES INC.,"April 1, 2028","Bottom culture,Off-bottom culture,Suspended culture",5.62,,Shellfish
New Brunswick,522,MS-0748,Q09,Aurèle Plourde et Olivier Plourde,"April 1, 2043","Bottom culture,Off-bottom culture,Suspended culture",3.23,,Shellfish
New Brunswick,524,MS-1448,Q09,Michaël Goupil,"April 1, 2043",Bottom culture,7.2,,Shellfish
New Brunswick,526,MS-1101,Q09,R.M.L. PECHE LTEE,"April 1, 2044","Bottom culture,Off-bottom culture,Suspended culture",12.07,,Shellfish
New Brunswick,527,MS-1119,Q09,Steve Robichaud,"April 1, 2034",Bottom culture,2.55,,Shellfish
New Brunswick,528,MS-0611,Q09,Jean-Marc Thibodeau et Jean-Marc Roussel,"April 1, 2027","Bottom culture,Off-bottom culture,Suspended culture",3.68,,Shellfish
New Brunswick,529,MS-0612,Q09,Jean-Marc Thibodeau et Jean-Marc Roussel,"April 1, 2030","Bottom culture,Off-bottom culture,Suspended culture",5.67,,Shellfish
New Brunswick,530,MS-0652,Q09,Tommy Chiasson,"April 1, 2034",Bottom culture,4.17,,Shellfish
New Brunswick,531,MS-1433,Q09,Allison Thibodeau and Cynthia Thibodeau,"April 1, 2032","Bottom culture,Off-bottom culture,Suspended culture",3.27,,Shellfish
New Brunswick,532,MS-1286,Q09,M & R Oyster Farm Inc.,"April 1, 2043","Bottom culture,Off-bottom culture,Suspended culture",2.01,,Shellfish
New Brunswick,534,MS-0038,Q09,Ulysse David,"April 1, 2034",Bottom culture,5.83,,Shellfish
New Brunswick,535,MS-0535,Q09,Daniel Chiasson et Josée Nancy Jones,"April 1, 2034",Bottom culture,1.62,,Shellfish
New Brunswick,536,MS-0891,Q09,Les Huîtres Maroma Inc.,"April 1, 2034","Bottom culture,Off-bottom culture,Suspended culture",1.62,,Shellfish
New Brunswick,537,MS-0015,Q09,ALLAIN AQUACULTURE INC.,"April 1, 2026","Bottom culture,Off-bottom culture,Suspended culture",1.62,,Shellfish
New Brunswick,538,MS-1571,Q09,ALLAIN AQUACULTURE INC.,"April 1, 2026","Bottom culture,Off-bottom culture,Suspended culture",1.62,,Shellfish
New Brunswick,539,MS-0673,Q09,LES HUÎTRES ROBICHAUD LTÉE / ROBICHAUD OYSTERS LTD,"April 1, 2034",Bottom culture,2.43,,Shellfish
New Brunswick,540,MS-1246,Q09,ALLAIN AQUACULTURE INC.,"April 1, 2026","Off-bottom culture,Suspended culture",8.1,,Shellfish
New Brunswick,541,MS-1240,Q11,EMAX LeBlanc Oyster Farm Inc.,"April 1, 2026","Bottom culture,Off-bottom culture",4.05,,Shellfish
New Brunswick,542,MS-1260,Q11,LITTLE SHEMOGUE OYSTER FARM LTD,"April 1, 2026","Bottom culture,Off-bottom culture,Suspended culture",12.7,,Shellfish
New Brunswick,543,MS-1308,Q09,Koyster Oyster Agriculture Ltd.,"April 1, 2035","Bottom culture,Off-bottom culture,Suspended culture",8.67,,Shellfish
New Brunswick,544,MS-1137,Q09,LES HUÎTRES ROBICHAUD LTÉE / ROBICHAUD OYSTERS LTD,"April 1, 2034","Bottom culture,Off-bottom culture",2.12,,Shellfish
New Brunswick,545,MS-1570,Q09,LRRS Enterprise LP,"April 1, 2034",Bottom culture,10,,Shellfish
New Brunswick,546,MS-0254,Q09,LES HUÎTRES ROBICHAUD LTÉE / ROBICHAUD OYSTERS LTD,"April 1, 2034","Bottom culture,Off-bottom culture,Suspended culture",1.62,,Shellfish
New Brunswick,547,MS-1165,Q09,ALLAIN AQUACULTURE INC.,"April 1, 2026","Bottom culture,Off-bottom culture,Suspended culture",8.7,,Shellfish
New Brunswick,548,MS-1435,Q09,Sigenigtog Oyster Inc.,"April 1, 2031","Bottom culture,Off-bottom culture,Suspended culture",5,,Shellfish
New Brunswick,549,MS-1386,Q09,Southeast Aquaculture Sud-Est Inc.,"April 1, 2033","Bottom culture,Off-bottom culture,Suspended culture",4.96,,Shellfish
New Brunswick,550,MS-1066,Q09,R.M.L. PECHE LTEE,"April 1, 2045","Bottom culture,Off-bottom culture,Suspended culture",2.92,,Shellfish
New Brunswick,551,MS-1401,Q09,Dignard Aquaculture Inc.,"April 1, 2029","Bottom culture,Off-bottom culture,Suspended culture",3,,Shellfish
New Brunswick,552,MS-1368,Q09,LeBlanc Oyster Bay Ltd.,"April 1, 2028","Bottom culture,Off-bottom culture,Suspended culture",1.7,,Shellfish
New Brunswick,553,MS-1577,Q09,Roger Léger,"April 1, 2034",Bottom culture,0.73,,Shellfish
New Brunswick,554,MS-1185,Q09,Indian Island First Nation,"April 1, 2025",Bottom culture,1.21,,Shellfish
New Brunswick,555,MS-1578,Q09,Indian Island First Nation,"April 1, 2025",Bottom culture,4.61,,Shellfish
New Brunswick,556,MS-1203,Q09,Bastarache Bay Oysters Inc.,"April 1, 2029","Bottom culture,Off-bottom culture,Suspended culture",4.38,,Shellfish
New Brunswick,557,MS-1109,Q09,Alexis McGraw et Philippe McGraw,"April 1, 2044","Bottom culture,Off-bottom culture,Suspended culture",4.78,,Shellfish
New Brunswick,558,MS-0397,Q09,Jeff Plourde,"April 1, 2035",Bottom culture,3.12,,Shellfish
New Brunswick,559,MS-1167,Q09,R.M.L. PECHE LTEE,"April 1, 2028","Bottom culture,Off-bottom culture,Suspended culture",12,,Shellfish
New Brunswick,560,MS-1320,Q09,M.R. JAILLET ENTERPRISES INC.,"April 1, 2035","Bottom culture,Off-bottom culture,Suspended culture",10.25,,Shellfish
New Brunswick,561,MS-0884,Q09,La Maison Beausoleil (2010) Inc.,"April 1, 2033",Bottom culture,2.4,,Shellfish
New Brunswick,562,MS-0077,Q09,OstreaSilva Ressources & Consultants Inc.,"April 1, 2034",Bottom culture,3.64,,Shellfish
New Brunswick,563,MS-0548,Q09,OstreaSilva Ressources & Consultants Inc.,"April 1, 2034",Bottom culture,5.42,,Shellfish
New Brunswick,564,MS-1259,Q09,OstreaSilva Ressources & Consultants Inc.,"April 1, 2034",Bottom culture,1.7,,Shellfish
New Brunswick,565,MS-1303,Q09,OstreaSilva Ressources & Consultants Inc.,"April 1, 2034",Bottom culture,1.21,,Shellfish
New Brunswick,566,MS-1258,Q09,Allison Thibodeau,"April 1, 2034","Bottom culture,Off-bottom culture,Suspended culture",6,,Shellfish
New Brunswick,567,MS-1202,Q09,Allison Thibodeau,"April 1, 2044","Bottom culture,Off-bottom culture,Suspended culture",4,,Shellfish
New Brunswick,568,MS-0728,Q09,Beaurivage Aquaculture Inc.,"April 1, 2032","Bottom culture,Off-bottom culture,Suspended culture",8.09,,Shellfish
New Brunswick,569,MS-1585,Q09,La Maison Beausoleil (2010) Inc.,"April 1, 2035",Bottom culture,5,,Shellfish
New Brunswick,570,MS-1584,Q09,La Maison Beausoleil (2010) Inc.,"April 1, 2035",Bottom culture,1.21,,Shellfish
New Brunswick,571,MS-1583,Q09,La Maison Beausoleil (2010) Inc.,"April 1, 2035","Bottom culture,Off-bottom culture,Suspended culture",1.21,,Shellfish
New Brunswick,572,MS-1582,Q09,La Maison Beausoleil (2010) Inc.,"April 1, 2035","Bottom culture,Off-bottom culture,Suspended culture",1.92,,Shellfish
New Brunswick,573,MS-1581,Q09,La Maison Beausoleil (2010) Inc.,"April 1, 2035","Bottom culture,Off-bottom culture,Suspended culture",0.69,,Shellfish
New Brunswick,574,MS-1124,Q09,Reno Benoît,"April 1, 2027","Bottom culture,Off-bottom culture,Suspended culture",5,,Shellfish
New Brunswick,575,MS-0603,Q09,Steve Robichaud,"April 1, 2031",Bottom culture,1.21,,Shellfish
New Brunswick,576,MS-1441,Q09,Aldor Rousselle,"April 1, 2045","Bottom culture,Off-bottom culture,Suspended culture",1.25,,Shellfish
New Brunswick,577,MS-0244,Q09,Michaël Goupil,"April 1, 2028","Bottom culture,Not Applicable,Off-bottom culture,Suspended culture",4.25,,Shellfish
New Brunswick,578,MS-1443,Q09,Stéphane Richardson et Carole Richardson,"April 1, 2045","Bottom culture,Off-bottom culture,Suspended culture",1.25,,Shellfish
New Brunswick,599,MS-0399,Q09,Anaclet Larocque,"April 1, 2028",Not Applicable,6.48,,Shellfish
New Brunswick,600,MS-0402,Q09,Luc Bussière,"April 1, 2030",Not Applicable,5.51,,Shellfish
New Brunswick,601,MS-0421,Q09,Andréa Lebouthillier,"April 1, 2034",Not Applicable,1.21,,Shellfish
New Brunswick,603,MS-0529,Q09,John Todd Murdock,"April 1, 2027",Bottom culture,1.21,,Shellfish
New Brunswick,604,MS-0433,Q09,Roma LeBouthillier,"April 1, 2026",Not Applicable,3.24,,Shellfish
New Brunswick,605,MS-0447,Q09,Albert Doiron,"April 1, 2026",Not Applicable,20.64,,Shellfish
New Brunswick,607,MS-0547,Q09,André Archer,"April 1, 2027",Bottom culture,1.57,,Shellfish
New Brunswick,608,MS-0110,Q09,Cyrille Mallet et Victorin Mallet,"April 1, 2031",Bottom culture,6.07,,Shellfish
New Brunswick,609,MS-0432,Q09,Nicholas Savoie,"April 1, 2031",Bottom culture,3.64,,Shellfish
New Brunswick,611,MS-0565,Q09,Gabriel Plourde,"April 1, 2028",Bottom culture,3.24,,Shellfish
New Brunswick,613,MS-0541,Q09,Jean-Bernard Savoie,"April 1, 2031",Bottom culture,8.1,,Shellfish
New Brunswick,615,MS-0605,Q09,Donald LeBouthillier,"April 1, 2028",Bottom culture,2.02,,Shellfish
New Brunswick,616,MS-0460,Q09,Peter MacEachern,"April 1, 2025",Not Applicable,9.27,,Shellfish
New Brunswick,618,MS-0750,Q09,Roger Benoit,"April 1, 2031","Bottom culture,Off-bottom culture,Suspended culture",6.86,,Shellfish
New Brunswick,619,MS-0010,Q09,Gilles Allain,"April 1, 2030",Bottom culture,0.69,,Shellfish
New Brunswick,621,MS-0628,Q09,Succession Sullivan Savoie,"April 1, 2031",Bottom culture,1.34,,Shellfish
New Brunswick,623,MS-0629,Q09,Nicholas Savoie,"April 1, 2030",Bottom culture,1.21,,Shellfish
New Brunswick,627,MS-0658,Q09,Émile Basque,"April 1, 2027",Not Applicable,16.7,,Shellfish
New Brunswick,629,MS-0662,Q09,Leigh Stright,"April 1, 2031",Bottom culture,7.53,,Shellfish
New Brunswick,632,MS-0787,Q09,Paul Laplante,"April 1, 2031",Bottom culture,2.39,,Shellfish
New Brunswick,634,MS-0789,Q09,L'ETANG RUISSEAU BAR LIMITEE,"April 1, 2029","Bottom culture,Off-bottom culture,Suspended culture",31.26,,Shellfish
New Brunswick,636,MS-0800,Q09,Anaclet Larocque,"April 1, 2026",Bottom culture,1.62,,Shellfish
New Brunswick,638,MS-0741,Q09,Estate William Murdock,"April 1, 2026",Bottom culture,8,,Shellfish
New Brunswick,640,MS-0743,Q09,Ronald Reid,"April 1, 2029","Bottom culture,Off-bottom culture",8,,Shellfish
New Brunswick,642,MS-0749,Q09,Denis N. Thibodeau et Eric Thibodeau,"April 1, 2030","Bottom culture,Off-bottom culture,Suspended culture",8.2,,Shellfish
New Brunswick,644,MS-0890,Q09,Edward Robertson,"April 1, 2026",Bottom culture,2.27,,Shellfish
New Brunswick,646,MS-1059,Q09,L'ETANG RUISSEAU BAR LIMITEE,"April 1, 2031",Bottom culture,1.21,,Shellfish
New Brunswick,647,MS-0041,Q09,Serge Beaudin,"April 1, 2035",Bottom culture,6.19,,Shellfish
New Brunswick,649,MS-0971,Q09,Shawn A. Stright,"April 1, 2028","Bottom culture,Off-bottom culture,Suspended culture",5.78,,Shellfish
New Brunswick,651,MS-0074,Q09,Gaëtan Robichaud,"April 1, 2028",Bottom culture,2.02,,Shellfish
New Brunswick,653,MS-0848,Q09,Roger Léger,"April 1, 2024",Bottom culture,3.24,,Shellfish
New Brunswick,655,MS-0874,Q09,Gaétan Dugas,"April 1, 2030","Bottom culture,Off-bottom culture,Suspended culture",10.53,,Shellfish
New Brunswick,657,MS-0875,Q09,Gaétan Dugas,"April 1, 2027","Bottom culture,Off-bottom culture,Suspended culture",7.37,,Shellfish
New Brunswick,658,MS-0084,Q09,Pea Breau,"April 1, 2029",Bottom culture,1.21,,Shellfish
New Brunswick,659,MS-0088,Q09,Zoël A.. Breau,"April 1, 2031",Bottom culture,2.02,,Shellfish
New Brunswick,660,MS-0324,Q09,Gaëtan Godin,"April 1, 2030",Not Applicable,4.93,,Shellfish
New Brunswick,661,MS-0337,Q09,Claude Blanchard,"April 1, 2029",Not Applicable,3.85,,Shellfish
New Brunswick,662,MS-0120,Q09,La Ferme Ostréicole Chiasson Ltée,"April 1, 2030","Bottom culture,Off-bottom culture,Suspended culture",12.48,,Shellfish
New Brunswick,663,MS-0138,Q09,Kenneth George Clark,"April 1, 2032",Bottom culture,2.83,,Shellfish
New Brunswick,664,MS-0359,Q09,Émile Basque,"April 1, 2029",Not Applicable,1.62,,Shellfish
New Brunswick,665,MS-0153,Q09,Joanne Cormier,"April 1, 2028",Bottom culture,1.62,,Shellfish
New Brunswick,666,MS-0197,Q09,Jules J. Breau,"April 1, 2030",Bottom culture,1.21,,Shellfish
New Brunswick,667,MS-0198,Q09,Yves Despres,"April 1, 2027",Bottom culture,1.21,,Shellfish
New Brunswick,668,MS-0222,Q09,Gaétan Dugas,"April 1, 2030","Bottom culture,Off-bottom culture,Suspended culture",6.64,,Shellfish
New Brunswick,669,MS-0238,Q09,L'ETANG RUISSEAU BAR LIMITEE,"April 1, 2031","Bottom culture,Off-bottom culture,Suspended culture",1.78,,Shellfish
New Brunswick,670,MS-0258,Q09,Louis-Marie Gauthier,"April 1, 2031",Bottom culture,1.62,,Shellfish
New Brunswick,671,MS-0271,Q09,Jean-Camille Gionet,"April 1, 2025",Bottom culture,2.02,,Shellfish
New Brunswick,672,MS-0507,Q09,Jean-Pierre Mercier,"April 1, 2028",Bottom culture,0.93,,Shellfish
New Brunswick,673,MS-0508,Q09,Stéphane Mallet,"April 1, 2025","Bottom culture,Off-bottom culture,Suspended culture",3.81,,Shellfish
New Brunswick,674,MS-0780,Q09,Pea Breau,"April 1, 2031",Bottom culture,4.25,,Shellfish
New Brunswick,675,MS-0540,Q09,Réjean Noël,"April 1, 2032","Bottom culture,Off-bottom culture,Suspended culture",1.62,,Shellfish
New Brunswick,677,MS-0081,Q09,Jules J. Breau,"April 1, 2032",Bottom culture,1.32,,Shellfish
New Brunswick,678,MS-0255,Q09,Louis-Marie Gauthier,"April 1, 2032",Bottom culture,1.21,,Shellfish
New Brunswick,680,MS-0687,Q09,Bruce Wilson,"April 1, 2032",Bottom culture,2.43,,Shellfish
New Brunswick,682,MS-0122,Q09,André Noël,"April 1, 2032",Bottom culture,3.24,,Shellfish
New Brunswick,684,MS-0459,Q09,Joseph B.. Manuel,"April 1, 2032",Bottom culture,2.43,,Shellfish
New Brunswick,685,MS-1110,Q09,L'ETANG RUISSEAU BAR LIMITEE,"April 1, 2032",Bottom culture,8.83,,Shellfish
New Brunswick,690,MS-0736,Q09,Eric Duguay,"April 1, 2023",Bottom culture,15.64,,Shellfish
New Brunswick,694,MS-0428,Q09,Andréa Lebouthillier,"April 1, 2034",Bottom culture,4.05,,Shellfish
New Brunswick,695,MS-1077,Q09,MAGELLAN AQUA FARMS INC.,"April 1, 2024",Suspended culture,12.9,,Shellfish
New Brunswick,698,MS-0779,Q09,Pierre Robichaud et Bernard Robichaud,"April 1, 2024",Bottom culture,2.02,,Shellfish
New Brunswick,701,MS-0052,Q09,Bruno Roussel,"April 1, 2034","Bottom culture,Off-bottom culture,Suspended culture",2.42,,Shellfish
New Brunswick,703,MS-1161,Q09,Gaétan Dugas,"April 1, 2034","Bottom culture,Off-bottom culture,Suspended culture",6.48,,Shellfish
New Brunswick,704,MS-0961,Q09,Victor Aquaculture Inc.,"April 1, 2034","Bottom culture,Off-bottom culture,Suspended culture",4.85,,Shellfish
New Brunswick,710,MS-0004,Q09,Réal LeBouthillier,"April 1, 2035",Bottom culture,1.62,,Shellfish
New Brunswick,712,MS-0155,Q09,Stephen Morrison,"April 1, 2025","Bottom culture,Off-bottom culture,Suspended culture",4.92,,Shellfish
New Brunswick,714,MS-1179,Q09,Elsipogtog First Nation,"April 1, 2025","Bottom culture,Off-bottom culture",13,,Shellfish
New Brunswick,716,MS-0614,Q09,R.M.L. PECHE LTEE,"April 1, 2035","Bottom culture,Off-bottom culture,Suspended culture",1.21,,Shellfish
New Brunswick,719,MS-0237,Q09,Daniel Doiron,"April 1, 2026","Bottom culture,Off-bottom culture,Suspended culture",6.2,,Shellfish
New Brunswick,720,MS-0061,Q09,L'ETANG RUISSEAU BAR LIMITEE,"April 1, 2026","Bottom culture,Off-bottom culture,Suspended culture",5.75,,Shellfish
New Brunswick,722,MS-0587,Q09,Madone Vienneau,"April 1, 2026",Bottom culture,2.43,,Shellfish
New Brunswick,724,MS-1192,Q09,Zoël A.. Breau,"April 1, 2026",Bottom culture,2.02,,Shellfish
New Brunswick,727,MS-0055,Q09,Maurice Mallet et Diane Landry,"April 1, 2026","Bottom culture,Suspended culture",6.84,,Shellfish
New Brunswick,728,MS-0148,Q09,Maurice Mallet et Diane Landry,"April 1, 2026","Bottom culture,Suspended culture",8.92,,Shellfish
New Brunswick,730,MS-0794,Q09,Maurice Mallet et Diane Landry,"April 1, 2026","Bottom culture,Suspended culture",3.72,,Shellfish
New Brunswick,733,MS-1197,Q09,Huîtres Aquador Inc./ Aquador Oysters Inc.,"April 1, 2030","Bottom culture,Off-bottom culture,Suspended culture",6.25,,Shellfish
New Brunswick,734,MS-0257,Q09,Louis-Marie Gauthier,"April 1, 2026",Bottom culture,2.43,,Shellfish
New Brunswick,736,MS-0256,Q09,Louis-Marie Gauthier,"April 1, 2026",Bottom culture,1.62,,Shellfish
New Brunswick,741,MS-1201,Q09,Bruno Savoie,"April 1, 2027",Bottom culture,3.74,,Shellfish
New Brunswick,743,MS-0013,Q09,Roger Léger,"April 1, 2027",Bottom culture,0.81,,Shellfish
New Brunswick,745,MS-0664,Q09,Joseph B.. Manuel,"April 1, 2027",Bottom culture,7.73,,Shellfish
New Brunswick,748,MS-1220,Q09,Pêcheries Karine G. Ltée,"April 1, 2027",Bottom culture,7.89,,Shellfish
New Brunswick,749,MS-0347,Q09,Roger LeBlanc,"April 1, 2027",Bottom culture,2.23,,Shellfish
New Brunswick,751,MS-0449,Q09,Bertin Joseph. Martin,"April 1, 2027",Bottom culture,1.21,,Shellfish
New Brunswick,753,MS-0356,Q09,Patrice Jean,"April 1, 2028",Bottom culture,0.81,,Shellfish
New Brunswick,755,MS-0099,Q09,Amédée Savoie,"April 1, 2028",Bottom culture,2.02,,Shellfish
New Brunswick,758,MS-1035,Q09,Denis Noël,"April 1, 2028","Bottom culture,Off-bottom culture,Suspended culture",2.3,,Shellfish
New Brunswick,759,MS-0124,Q09,La Ferme Ostréicole Chiasson Ltée,"April 1, 2028",Bottom culture,2.43,,Shellfish
New Brunswick,761,MS-0223,Q09,Marc Cormier,"April 1, 2028",Bottom culture,6.8,,Shellfish
New Brunswick,763,MS-0659,Q09,Shawn A. Stright,"April 1, 2028","Bottom culture,Off-bottom culture,Suspended culture",5.1,,Shellfish
New Brunswick,765,MS-0550,Q09,3213861 NOVA SCOTIA LIMITED,"April 1, 2028","Bottom culture,Off-bottom culture,Suspended culture",2.55,,Shellfish
New Brunswick,768,MS-0999,Q09,Jean-Marc Poirier,"April 1, 2028",Bottom culture,3.24,,Shellfish
New Brunswick,771,MS-0370,Q09,King Aquaculture Inc.,"April 1, 2026","Bottom culture,Off-bottom culture,Suspended culture",12.99,,Shellfish
New Brunswick,773,MS-0461,Q09,James MacEachern,"April 1, 2028",Bottom culture,4.05,,Shellfish
New Brunswick,776,MS-0598,Q09,L'ETANG RUISSEAU BAR LIMITEE,"April 1, 2028","Bottom culture,Off-bottom culture,Suspended culture",7,,Shellfish
New Brunswick,778,MS-0469,Q09,L'ETANG RUISSEAU BAR LIMITEE,"April 1, 2028","Bottom culture,Off-bottom culture,Suspended culture",0.93,,Shellfish
New Brunswick,780,MS-1209,Q09,Bouctouche Bay Oysters Inc.,"April 1, 2029","Bottom culture,Off-bottom culture,Suspended culture",6.91,,Shellfish
New Brunswick,781,MS-0342,Q09,Stéphane McLaughlin,"April 1, 2029","Bottom culture,Off-bottom culture,Suspended culture",3.81,,Shellfish
New Brunswick,783,MS-0500,Q09,Omer Mallet,"April 1, 2029",Bottom culture,1.21,,Shellfish
New Brunswick,785,MS-0406,Q09,Edward LaTulippe,"April 1, 2029",Bottom culture,4.04,,Shellfish
New Brunswick,787,MS-0593,Q09,Martin Robichaud,"April 1, 2029",Bottom culture,2.02,,Shellfish
New Brunswick,789,MS-0872,Q09,Martin Robichaud,"April 1, 2029",Bottom culture,2.02,,Shellfish
New Brunswick,791,MS-0228,Q09,Mario L.. Chiasson,"April 1, 2029",Bottom culture,1.62,,Shellfish
New Brunswick,796,MS-1264,Q09,Ernest Robichaud,"April 1, 2029","Bottom culture,Off-bottom culture,Suspended culture",9.35,,Shellfish
New Brunswick,798,MS-0171,Q09,Maurice Daigle et Alexis Daigle,"April 1, 2029","Bottom culture,Off-bottom culture,Suspended culture",2.43,,Shellfish
New Brunswick,800,MS-1130,Q09,Stéphane McLaughlin,"April 1, 2030","Bottom culture,Off-bottom culture,Suspended culture",5,,Shellfish
New Brunswick,802,MS-0468,Q09,Mathieu LeBlanc,"April 1, 2030","Bottom culture,Off-bottom culture,Suspended culture",3.24,,Shellfish
New Brunswick,804,MS-1268,Q09,L2 - Recherche & Production Aquacole Inc.,"April 1, 2030",Bottom culture,16.5,,Shellfish
New Brunswick,806,MS-1266,Q09,Shawn A. Stright,"April 1, 2031",Bottom culture,8.26,,Shellfish
New Brunswick,807,MS-1232,Q11,Daniel Doiron,"April 1, 2025","Bottom culture,Off-bottom culture,Suspended culture",2,,Shellfish
New Brunswick,808,MS-0400,Q09,Damien Savoie,"April 1, 2030","Bottom culture,Off-bottom culture,Suspended culture",2.78,,Shellfish
New Brunswick,810,MS-0482,Q09,Roger Bulger,"April 1, 2031",Bottom culture,0.93,,Shellfish
New Brunswick,813,MS-0026,Q09,La Maison Beausoleil (2010) Inc.,"April 1, 2031",Bottom culture,2.02,,Shellfish
New Brunswick,815,MS-0918,Q09,La Maison Beausoleil (2010) Inc.,"April 1, 2031","Bottom culture,Off-bottom culture,Suspended culture",1.62,,Shellfish
New Brunswick,817,MS-1168,Q09,La Maison Beausoleil (2010) Inc.,"April 1, 2031","Bottom culture,Off-bottom culture,Suspended culture",10.79,,Shellfish
New Brunswick,819,MS-1262,Q09,Esmond Vautour,"April 1, 2032",Bottom culture,4.05,,Shellfish
New Brunswick,820,MS-1183,Q09,Donald Hébert,"April 1, 2031",Bottom culture,2.75,,Shellfish
New Brunswick,822,MS-1275,Q09,Denis N.. Thibodeau,"April 1, 2031","Bottom culture,Off-bottom culture,Suspended culture",7,,Shellfish
New Brunswick,823,MS-1257,Q09,Victor Aquaculture Inc.,"April 1, 2031","Bottom culture,Off-bottom culture,Suspended culture",5,,Shellfish
New Brunswick,825,MS-0738,Q09,Gérald Hébert,"April 1, 2031","Bottom culture,Off-bottom culture,Suspended culture",6.47,,Shellfish
New Brunswick,826,MS-0813,Q09,Raoul Breault,"April 1, 2031",Bottom culture,1.34,,Shellfish
New Brunswick,828,MS-0656,Q09,Philippe Breau,"April 1, 2027",Bottom culture,1.21,,Shellfish
New Brunswick,7,MF-0270,Q09,Benson Aquaculture Ltd.,,,35.9,,Finfish
New Brunswick,9,MF-0002,Q09,Kelly Cove Salmon Ltd.,"April 1, 2028",,10.12,4: Atlantic Salmon,Finfish
New Brunswick,11,MF-0350,Q09,MOWI Canada East Inc.,"April 1, 2030",,11.79,4: Atlantic Salmon,Finfish
New Brunswick,19,MF-0496,Q09,Kelly Cove Salmon Ltd.,"April 1, 2031",,47.25,,Finfish
New Brunswick,20,MF-0035,Q09,Kelly Cove Salmon Ltd.,"April 1, 2035",,14.1,,Finfish
New Brunswick,21,MF-0172,Q09,Kelly Cove Salmon Ltd.,"April 1, 2035",,26.6,,Finfish
New Brunswick,23,MF-0501,Q09,Kelly Cove Salmon Ltd.,"April 1, 2031",,34.97,,Finfish
New Brunswick,25,MF-0061,Q09,Kelly Cove Salmon Ltd.,"April 1, 2035",,24,,Finfish
New Brunswick,26,MF-0403,Q09,Kelly Cove Salmon Ltd.,"April 1, 2041",,28,,Finfish
New Brunswick,27,MF-0508,Q09,Kelly Cove Salmon Ltd.,"April 1, 2032",,33.75,,Finfish
New Brunswick,29,MF-0213,Q09,Kelly Cove Salmon Ltd.,"April 1, 2043",,19.8,4: Atlantic Salmon,Finfish
New Brunswick,30,MF-0349,Q09,Kelly Cove Salmon Ltd.,"April 1, 2039",,11.84,,Finfish
New Brunswick,31,MF-0056,Q09,Kelly Cove Salmon Ltd.,"April 1, 2032",,11.34,,Finfish
New Brunswick,34,MF-0159,Q09,LEAVITT'S HEAD SALMON LTD.,"April 1, 2035",,3.64,,Finfish
New Brunswick,35,MF-0270,Q09,Benson Aquaculture Ltd.,"April 1, 2032",,35.9,,Finfish
New Brunswick,36,MF-0033,Q09,T & J AQUACULTURE LTD.,"April 1, 2033",,5.61,,Finfish
New Brunswick,37,MF-0018,Q09,Kelly Cove Salmon Ltd.,"April 1, 2036",,10.19,,Finfish
New Brunswick,38,MF-0040,Q09,Kelly Cove Salmon Ltd.,"April 1, 2036",,8.86,,Finfish
New Brunswick,39,MF-0057,Q09,Kelly Cove Salmon Ltd.,"April 1, 2031",,7.3,,Finfish
New Brunswick,40,MF-0292,Q09,Kelly Cove Salmon Ltd.,"April 1, 2039",,32.9,,Finfish
New Brunswick,41,MF-0502,Q09,Kelly Cove Salmon Ltd.,"April 1, 2033",,37.5,,Finfish
New Brunswick,44,MF-0507,Q09,"Kelly Cove Salmon Ltd.,Kelly Cove Salmon Ltd.","April 1, 2036",,35,,Finfish
New Brunswick,46,MF-0017,Q09,Kelly Cove Salmon Ltd.,"April 1, 2037",,12.06,,Finfish
New Brunswick,47,MF-0368,Q09,"Kelly Cove Salmon Ltd.,Kelly Cove Salmon Ltd.","April 1, 2036",,15.25,,Finfish
New Brunswick,51,MF-0003,Q09,Kelly Cove Salmon Ltd.,"April 1, 2036",,18.72,,Finfish
New Brunswick,54,MF-0044,Q09,"Kelly Cove Salmon Ltd.,Kelly Cove Salmon Ltd.","April 1, 2027",,10.6,,Finfish
New Brunswick,55,MF-0036,Q09,MOWI Canada East Inc.,"April 1, 2027",,10.77,,Finfish
New Brunswick,56,MF-0084,Q09,MOWI Canada East Inc.,"April 1, 2027",,29.1,4: Atlantic Salmon,Finfish
New Brunswick,57,MF-0504,Q09,MOWI Canada East Inc.,"April 1, 2029",,37.5,,Finfish
New Brunswick,66,MF-0342,Q09,MOWI Canada East Inc.,"April 1, 2027",,20.25,,Finfish
New Brunswick,67,MF-0016,Q09,MOWI Canada East Inc.,"April 1, 2028",,17.36,,Finfish
New Brunswick,68,MF-0027,Q09,MOWI Canada East Inc.,"April 1, 2034",,30.26,,Finfish
New Brunswick,69,MF-0052,Q09,MOWI Canada East Inc.,"April 1, 2025",,5.19,,Finfish
New Brunswick,70,MF-0053,Q09,MOWI Canada East Inc.,"April 1, 2036",,24.32,,Finfish
New Brunswick,71,MF-0054,Q09,MOWI Canada East Inc.,"April 1, 2036",,13.56,,Finfish
New Brunswick,72,MF-0222,Q09,MOWI Canada East Inc.,"April 1, 2029",,23.43,,Finfish
New Brunswick,73,MF-0022,Q09,MOWI Canada East Inc.,"April 1, 2033",,10.72,,Finfish
New Brunswick,74,MF-0186,Q09,MOWI Canada East Inc.,"April 1, 2036",,6.3,,Finfish
New Brunswick,75,MF-0206,Q09,MOWI Canada East Inc.,"April 1, 2036",,6.75,,Finfish
New Brunswick,91,MF-0491,Q09,"Kelly Cove Salmon Ltd.,Kelly Cove Salmon Ltd.","April 1, 2038",,18.76,4: Atlantic Salmon,Finfish
New Brunswick,97,MF-0377,Q09,Kelly Cove Salmon Ltd.,"April 1, 2040",,30,,Finfish
New Brunswick,98,MF-0012,Q09,"Kelly Cove Salmon Ltd.,Kelly Cove Salmon Ltd.","April 1, 2041",,5.45,4: Atlantic Salmon,Finfish
New Brunswick,102,MF-0051,Q09,Kelly Cove Salmon Ltd.,"April 1, 2042",,9.11,,Finfish
New Brunswick,106,MF-0002,Q09,Lambert Salmon Inc.,"April 1, 2040",,10.12,,Finfish
New Brunswick,107,MF-0038,Q09,Kelly Cove Salmon Ltd.,"April 1, 2022",,10,,Finfish
New Brunswick,109,MF-0055,Q09,Kelly Cove Salmon Ltd.,"April 1, 2031",,12.72,,Finfish
New Brunswick,110,MF-0168,Q09,Kelly Cove Salmon Ltd.,"April 1, 2039",,26,,Finfish
New Brunswick,111,MF-0350,Q09,Neil Morse,"April 1, 2040",,11.79,,Finfish
New Brunswick,112,MF-0378,Q09,Kelly Cove Salmon Ltd.,"April 1, 2038",,41.71,,Finfish
New Brunswick,118,MF-0228,Q09,Kelly Cove Salmon Ltd.,"April 1, 2042",,19.37,4: Atlantic Salmon,Finfish
New Brunswick,119,MF-0034,Q09,Kelly Cove Salmon Ltd.,"April 1, 2025",,6.35,,Finfish
New Brunswick,120,MF-0049,Q09,Kelly Cove Salmon Ltd.,"April 1, 2026",,9.52,,Finfish
New Brunswick,121,MF-0023,Q09,Kelly Cove Salmon Ltd.,"April 1, 2025",,12.15,,Finfish
New Brunswick,122,MF-0029,Q09,Kelly Cove Salmon Ltd.,"April 1, 2043",,19.4,,Finfish
New Brunswick,124,MF-0042,Q09,Kelly Cove Salmon Ltd.,"April 1, 2025",,9.24,,Finfish
New Brunswick,125,MF-0045,Q09,Kelly Cove Salmon Ltd.,"April 1, 2042",,13.85,,Finfish
New Brunswick,126,MF-0046,Q09,Kelly Cove Salmon Ltd.,"April 1, 2042",,9.7,,Finfish
New Brunswick,127,MF-0059,Q09,Kelly Cove Salmon Ltd.,"April 1, 2042",,15.5,,Finfish
New Brunswick,128,MF-0179,Q09,Kelly Cove Salmon Ltd.,"April 1, 2025",,27.04,,Finfish
New Brunswick,129,MF-0214,Q09,Kelly Cove Salmon Ltd.,"April 1, 2025",,20,,Finfish
New Brunswick,130,MF-0215,Q09,Kelly Cove Salmon Ltd.,"April 1, 2042",,8.7,,Finfish
New Brunswick,131,MF-0251,Q09,Kelly Cove Salmon Ltd.,"April 1, 2042",,34.94,4: Atlantic Salmon,Finfish
New Brunswick,133,MF-0276,Q09,Kelly Cove Salmon Ltd.,"April 1, 2043",,15,4: Atlantic Salmon,Finfish
New Brunswick,134,MF-0290,Q09,Kelly Cove Salmon Ltd.,"April 1, 2025",,12.9,,Finfish
New Brunswick,135,MF-0320,Q09,Kelly Cove Salmon Ltd.,"April 1, 2025",,14.68,,Finfish
New Brunswick,136,MF-0413,Q09,Kelly Cove Salmon Ltd.,"April 1, 2025",,9.8,,Finfish
New Brunswick,137,MF-0050,Q09,Arctic Rose Inc.,"April 1, 2026",,12.17,,Finfish
New Brunswick,138,MF-0037,Q09,Kelly Cove Salmon Ltd.,"April 1, 2043",,25.64,,Finfish
New Brunswick,139,MF-0282,Q09,Kelly Cove Salmon Ltd.,"April 1, 2043",,23.13,4: Atlantic Salmon,Finfish
New Brunswick,143,MF-0014,Q09,Kelly Cove Salmon Ltd.,"April 1, 2029",,14.4,,Finfish
New Brunswick,144,MF-0316,Q09,Kelly Cove Salmon Ltd.,"April 1, 2029",,26.02,,Finfish
New Brunswick,145,MF-0370,Q09,Kelly Cove Salmon Ltd.,"April 1, 2029",,25.04,,Finfish
New Brunswick,146,MF-0404,Q09,Kelly Cove Salmon Ltd.,"April 1, 2029",,28,,Finfish
New Brunswick,147,MF-0381,Q09,Kelly Cove Salmon Ltd.,"April 1, 2029",,23.94,,Finfish
New Brunswick,148,MF-0400,Q09,Kelly Cove Salmon Ltd.,"April 1, 2030",,24,,Finfish
New Brunswick,150,MF-0298,Q09,Kelly Cove Salmon Ltd.,"April 1, 2029",,17.5,,Finfish
New Brunswick,152,MF-0300,Q09,Kelly Cove Salmon Ltd.,"April 1, 2029",,16.73,,Finfish
New Brunswick,153,MF-0412,Q09,Kelly Cove Salmon Ltd.,"April 1, 2030",,16.5,,Finfish
New Brunswick,154,MF-0495,Q09,Kelly Cove Salmon Ltd.,"April 1, 2030",,26.27,,Finfish
New Brunswick,155,MF-0010,Q09,Kelly Cove Salmon Ltd.,"April 1, 2026",,19.95,,Finfish
New Brunswick,156,MF-0026,Q09,Kelly Cove Salmon Ltd.,"April 1, 2043",,21.65,4: Atlantic Salmon,Finfish
New Brunswick,157,MF-0411,Q09,Kelly Cove Salmon Ltd.,"April 1, 2026",,15,,Finfish
New Brunswick,158,MF-0503,Q09,Benson Aquaculture Ltd.,"April 1, 2031",,26.51,,Finfish
New Brunswick,159,MF-0408,Q09,Kelly Cove Salmon Ltd.,"April 1, 2038",,33,,Finfish
New Brunswick,160,MF-0020,Q09,MOWI Canada East Inc.,"April 1, 2031",,17.55,,Finfish
New Brunswick,161,MF-0303,Q09,Kelly Cove Salmon Ltd.,"April 1, 2031",,19.84,,Finfish