region,Permit Number,Research Site,company_person,location,Operating Sector,Permit Issued On,Permit Expired On,Authorized Species,Activity Type,Area (HA),Hectares Used,Occupancy (%),Footprint WKT,latitude,longitude,Latitude 2,Longitude 2,Latitude 3,Longitude 3,Latitude 4,Longitude 4,Latitude 5,Longitude 5,Latitude 6,Longitude 6,Latitude 7,Longitude 7,Centroid Latitude,Centroid Longitude
Quebec,11002,No,Moules de culture des Îles inc.,Magdalen Islands,"Dans la lagune de Havre-aux-Maisons, en front de la muncipalité des Magdalen Islands",01/09/2009,31/12/2018,Blue Mussel,Farming,147.6,110,75,"POLYGON((-61.815278 47.433333,-61.806111 47.431667,-61.830556 47.415833,-61.834722 47.421389,-61.815278 47.433333))",47.433333,-61.815278,47.431667,-61.806111,47.415833,-61.830556,47.421389,-61.834722,,,,,,,,
Quebec,11002,No,Moules de culture des Îles inc.,Magdalen Islands,"Dans la lagune de Havre-aux-Maisons, en front de la muncipalité des Magdalen Islands",01/09/2009,31/12/2018,American Oyster,Farming,147.6,110,75,"POLYGON((-61.815278 47.433333,-61.806111 47.431667,-61.830556 47.415833,-61.834722 47.421389,-61.815278 47.433333))",47.433333,-61.815278,47.431667,-61.806111,47.415833,-61.830556,47.421389,-61.834722,,,,,,,,
Quebec,11002,No,Moules de culture des Îles inc.,Magdalen Islands,"Dans la lagune de Havre-aux-Maisons, en front de la muncipalité des Magdalen Islands",01/09/2009,31/12/2018,Sugar Kelp,Culture,147.6,110,75,"POLYGON((-61.815278 47.433333,-61.806111 47.431667,-61.830556 47.415833,-61.834722 47.421389,-61.815278 47.433333))",47.433333,-61.815278,47.431667,-61.806111,47.415833,-61.830556,47.421389,-61.834722,,,,,,,,
Quebec,11019,No,Grande-Entrée Aquaculture inc.,Magdalen Islands,"Dans la lagune de Grande-Entrée, en front de la municipalité des Magdalen Islands",04/06/2015,31/12/2018,Blue Mussel,Farming,249.3,140,55,"POLYGON((-61.506111 47.599444,-61.501389 47.595556,-61.509722 47.587778,-61.501944 47.583333,-61.513611 47.573056,-61.524722 47.587222,-61.506111 47.599444))",47.599444,-61.506111,47.595556,-61.501389,47.587778,-61.509722,47.583333,-61.501944,47.573056,-61.513611,47.587222,-61.524722,,,,
Quebec,11019,No,Grande-Entrée Aquaculture inc.,Magdalen Islands,"Dans la lagune de Grande-Entrée, en front de la municipalité des Magdalen Islands",04/06/2015,31/12/2018,American Oyster,Farming,249.3,140,55,"POLYGON((-61.506111 47.599444,-61.501389 47.595556,-61.509722 47.587778,-61.501944 47.583333,-61.513611 47.573056,-61.524722 47.587222,-61.506111 47.599444))",47.599444,-61.506111,47.595556,-61.501389,47.587778,-61.509722,47.583333,-61.501944,47.573056,-61.513611,47.587222,-61.524722,,,,
Quebec,11030,No,Culti-Mer inc.,Magdalen Islands,"Dans la lagune de Havre-aux-Maisons, en front de la municipalité des Magdalen Islands",23/08/2013,31/12/2018,Blue Mussel,Farming,116.4,116,100,"POLYGON((-61.810833 47.431667,-61.803056 47.429444,-61.810833 47.421944,-61.823889 47.413333,-61.828889 47.416944,-61.810833 47.431667))",47.431667,-61.810833,47.429444,-61.803056,47.421944,-61.810833,47.413333,-61.823889,47.416944,-61.828889,,,,,,
Quebec,11030,No,Culti-Mer inc.,Magdalen Islands,"Dans la lagune de Havre-aux-Maisons, en front de la municipalité des Magdalen Islands",23/08/2013,31/12/2018,Giant Scallop,Farming,116.4,116,100,"POLYGON((-61.810833 47.431667,-61.803056 47.429444,-61.810833 47.421944,-61.823889 47.413333,-61.828889 47.416944,-61.810833 47.431667))",47.431667,-61.810833,47.429444,-61.803056,47.421944,-61.810833,47.413333,-61.823889,47.416944,-61.828889,,,,,,
Quebec,11030,No,Culti-Mer inc.,Magdalen Islands,"Dans la lagune de Havre-aux-Maisons, en front de la municipalité des Magdalen Islands",23/08/2013,31/12/2018,American Oyster,Farming,116.4,116,100,"POLYGON((-61.810833 47.431667,-61.803056 47.429444,-61.810833 47.421944,-61.823889 47.413333,-61.828889 47.416944,-61.810833 47.431667))",47.431667,-61.810833,47.429444,-61.803056,47.421944,-61.810833,47.413333,-61.823889,47.416944,-61.828889,,,,,,
Quebec,11031,No,La Moule du large inc.,Magdalen Islands,"Dans la baie de Plaisance, en front de la muncipalité des Magdalen Islands",04/06/2013,31/12/2018,Blue Mussel,Farming,183.5,183,100,"POLYGON((-61.748889 47.368333,-61.731667 47.364444,-61.737778 47.353056,-61.754722 47.356944,-61.748889 47.368333))",47.368333,-61.748889,47.364444,-61.731667,47.353056,-61.737778,47.356944,-61.754722,,,,,,,,
Quebec,11031,No,La Moule du large inc.,Magdalen Islands,"Dans la baie de Plaisance, en front de la muncipalité des Magdalen Islands",04/06/2013,31/12/2018,American Oyster,Farming,183.5,183,100,"POLYGON((-61.748889 47.368333,-61.731667 47.364444,-61.737778 47.353056,-61.754722 47.356944,-61.748889 47.368333))",47.368333,-61.748889,47.364444,-61.731667,47.353056,-61.737778,47.356944,-61.754722,,,,,,,,
Quebec,11031,No,La Moule du large inc.,Magdalen Islands,"Dans la baie de Plaisance, en front de la muncipalité des Magdalen Islands",04/06/2013,31/12/2018,Sugar Kelp,Culture,183.5,183,100,"POLYGON((-61.748889 47.368333,-61.731667 47.364444,-61.737778 47.353056,-61.754722 47.356944,-61.748889 47.368333))",47.368333,-61.748889,47.364444,-61.731667,47.353056,-61.737778,47.356944,-61.754722,,,,,,,,
Quebec,11034,No,Moules de culture des Îles inc.,Magdalen Islands,"Dans la baie de Bassin, en front de la muncipalité des Magdalen Islands",19/05/2009,31/12/2018,Blue Mussel,Seed Collection,15.7,12,75,"POLYGON((-61.864722 47.225278,-61.865278 47.224167,-61.879722 47.226944,-61.879167 47.228611,-61.864722 47.225278))",47.225278,-61.864722,47.224167,-61.865278,47.226944,-61.879722,47.228611,-61.879167,,,,,,,,
Quebec,11036,No,La Moule du large inc.,Magdalen Islands,"Dans la baie de Bassin, en front de la muncipalité des Magdalen Islands",14/05/2009,31/12/2018,Blue Mussel,Seed Collection,7,7,100,"POLYGON((-61.865278 47.224167,-61.865278 47.223889,-61.880278 47.226111,-61.879722 47.226944,-61.865278 47.224167))",47.224167,-61.865278,47.223889,-61.865278,47.226111,-61.880278,47.226944,-61.879722,,,,,,,,
Quebec,11037,No,Grande-Entrée Aquaculture inc.,Magdalen Islands,"Dans la baie de Bassin, en front de la muncipalité des Magdalen Islands",14/05/2009,31/12/2018,Blue Mussel,Seed Collection,16,12,75,"POLYGON((-61.865556 47.223056,-61.865278 47.223889,-61.880278 47.226111,-61.880833 47.224722,-61.865556 47.223056))",47.223056,-61.865556,47.223889,-61.865278,47.226111,-61.880278,47.224722,-61.880833,,,,,,,,
Quebec,11041,No,La Moule du large inc.,Magdalen Islands,"Dans la lagune de Havre-aux-Maisons, en front de la municipalité des Magdalen Islands",30/05/2012,31/12/2018,Blue Mussel,Seed Collection,41.7,10,25,"POLYGON((-61.8175 47.435,-61.815278 47.433333,-61.834722 47.421389,-61.833611 47.425,-61.8175 47.435))",47.435,-61.8175,47.433333,-61.815278,47.421389,-61.834722,47.425,-61.833611,,,,,,,,
Quebec,11041,No,La Moule du large inc.,Magdalen Islands,"Dans la lagune de Havre-aux-Maisons, en front de la municipalité des Magdalen Islands",30/05/2012,31/12/2018,Blue Mussel,Farming,41.7,10,25,"POLYGON((-61.8175 47.435,-61.815278 47.433333,-61.834722 47.421389,-61.833611 47.425,-61.8175 47.435))",47.435,-61.8175,47.433333,-61.815278,47.421389,-61.834722,47.425,-61.833611,,,,,,,,
Quebec,11041,No,La Moule du large inc.,Magdalen Islands,"Dans la lagune de Havre-aux-Maisons, en front de la municipalité des Magdalen Islands",30/05/2012,31/12/2018,American Oyster,Farming,41.7,10,25,"POLYGON((-61.8175 47.435,-61.815278 47.433333,-61.834722 47.421389,-61.833611 47.425,-61.8175 47.435))",47.435,-61.8175,47.433333,-61.815278,47.421389,-61.834722,47.425,-61.833611,,,,,,,,
Quebec,11042,No,La Moule du large inc.,Magdalen Islands,"Dans la lagune de Havre-aux-Maisons, en front de la municipalité des Magdalen Islands",30/03/2016,31/12/2018,Common Softshell Clam,Collection,7.5,7.5,100,"POLYGON((-61.861667 47.42,-61.858611 47.416944,-61.863333 47.416667,-61.863333 47.418333,-61.861667 47.42))",47.42,-61.861667,47.416944,-61.858611,47.416667,-61.863333,47.418333,-61.863333,,,,,,,,
Quebec,11042,No,La Moule du large inc.,Magdalen Islands,"Dans la lagune de Havre-aux-Maisons, en front de la municipalité des Magdalen Islands",30/03/2016,31/12/2018,Common Softshell Clam,Farming,7.5,7.5,100,"POLYGON((-61.861667 47.42,-61.858611 47.416944,-61.863333 47.416667,-61.863333 47.418333,-61.861667 47.42))",47.42,-61.861667,47.416944,-61.858611,47.416667,-61.863333,47.418333,-61.863333,,,,,,,,
Quebec,11042,No,La Moule du large inc.,Magdalen Islands,"Dans la lagune de Havre-aux-Maisons, en front de la municipalité des Magdalen Islands",30/03/2016,31/12/2018,Common Softshell Clam,Sanding,7.5,7.5,100,"POLYGON((-61.861667 47.42,-61.858611 47.416944,-61.863333 47.416667,-61.863333 47.418333,-61.861667 47.42))",47.42,-61.861667,47.416944,-61.858611,47.416667,-61.863333,47.418333,-61.863333,,,,,,,,
Quebec,11043,No,La Moule du large inc.,Magdalen Islands,"En front du lieu-dit de la Dune-du-Nord, dans la lagune de Havre-aux-Maisons, en front de la municipalité des Magdalen Islands",30/03/2016,31/12/2018,Common Softshell Clam,Farming,24.7,24.7,100,"POLYGON((-61.829444 47.440833,-61.825556 47.439783,-61.825 47.436111,-61.8275 47.432778,-61.831944 47.433889,-61.829444 47.440833))",47.440833,-61.829444,47.439783,-61.825556,47.436111,-61.825,47.432778,-61.8275,47.433889,-61.831944,,,,,,
Quebec,12019,No,9177-4653 Québec inc.,Gaspé,"Dans la baie de Cascapédia, en front de la municipalité de Maria",01/09/2009,31/12/2018,Blue Mussel,Farming,70,50,37,"POLYGON((-66.008333 48.125278,-65.999722 48.116667,-66.012778 48.110833,-66.021667 48.119444,-66.008333 48.125278))",48.125278,-66.008333,48.116667,-65.999722,48.110833,-66.012778,48.119444,-66.021667,,,,,,,,
Quebec,12019,No,9177-4653 Québec inc.,Gaspé,"Dans la baie de Cascapédia, en front de la municipalité de Maria",01/09/2009,31/12/2018,Giant Scallop,Farming,70,50,37,"POLYGON((-66.008333 48.125278,-65.999722 48.116667,-66.012778 48.110833,-66.021667 48.119444,-66.008333 48.125278))",48.125278,-66.008333,48.116667,-65.999722,48.110833,-66.012778,48.119444,-66.021667,,,,,,,,
Quebec,12019,No,9177-4653 Québec inc.,Gaspé,"Dans la baie de Cascapédia, en front de la municipalité de Maria",01/09/2009,31/12/2018,Common Softshell Clam,Farming,70,50,37,"POLYGON((-66.008333 48.125278,-65.999722 48.116667,-66.012778 48.110833,-66.021667 48.119444,-66.008333 48.125278))",48.125278,-66.008333,48.116667,-65.999722,48.110833,-66.012778,48.119444,-66.021667,,,,,,,,
Quebec,12019,No,9177-4653 Québec inc.,Gaspé,"Dans la baie de Cascapédia, en front de la municipalité de Maria",01/09/2009,31/12/2018,American Oyster,Farming,70,50,37,"POLYGON((-66.008333 48.125278,-65.999722 48.116667,-66.012778 48.110833,-66.021667 48.119444,-66.008333 48.125278))",48.125278,-66.008333,48.116667,-65.999722,48.110833,-66.012778,48.119444,-66.021667,,,,,,,,
Quebec,12019,No,9177-4653 Québec inc.,Gaspé,"Dans la baie de Cascapédia, en front de la municipalité de Maria",01/09/2009,31/12/2018,Macroalgae,Culture,70,50,37,"POLYGON((-66.008333 48.125278,-65.999722 48.116667,-66.012778 48.110833,-66.021667 48.119444,-66.008333 48.125278))",48.125278,-66.008333,48.116667,-65.999722,48.110833,-66.012778,48.119444,-66.021667,,,,,,,,
Quebec,12022,No,9000-2817 Québec inc.,Gaspé,"Dans le bassin nord-ouest du havre de Gaspé, en front de la municipalité de Gaspé",01/09/2009,31/12/2018,Blue Mussel,Seed Collection,69.5,10,14,"POLYGON((-64.478889 48.847222,-64.47 48.843611,-64.473333 48.840278,-64.657778 48.8475,-64.487778 48.850833,-64.478889 48.847222))",48.847222,-64.478889,48.843611,-64.47,48.840278,-64.473333,48.8475,-64.657778,48.850833,-64.487778,,,,,,
Quebec,12022,No,9000-2817 Québec inc.,Gaspé,"Dans le bassin nord-ouest du havre de Gaspé, en front de la municipalité de Gaspé",01/09/2009,31/12/2018,Giant Scallop,Farming,69.5,10,14,"POLYGON((-64.478889 48.847222,-64.47 48.843611,-64.473333 48.840278,-64.657778 48.8475,-64.487778 48.850833,-64.478889 48.847222))",48.847222,-64.478889,48.843611,-64.47,48.840278,-64.473333,48.8475,-64.657778,48.850833,-64.487778,,,,,,
Quebec,12023,No,Pêcheries R. Allard inc.,Gaspé,"Dans la baie de Cascapédia, en front de la municipalité de Maria",01/09/2009,31/12/2018,Blue Mussel,Farming,140,140,100,"POLYGON((-65.998056 48.116111,-65.992778 48.110833,-66.015 48.100833,-66.020278 48.106111,-65.998056 48.116111))",48.116111,-65.998056,48.110833,-65.992778,48.100833,-66.015,48.106111,-66.020278,,,,,,,,
Quebec,12024,No,"Bérubé, Gaston",Bas-Saint-Laurent,"En front de l'île Saint-Barnabé, située en front de la municipalité de Rimouski",01/09/2009,31/12/2018,Green Sea Urchin,Harvest,129.5,20,100,"POLYGON((-68.583056 48.458889,-68.577222 48.452778,-68.595 48.444722,-68.601111 48.450833,-68.583056 48.458889))",48.458889,-68.583056,48.452778,-68.577222,48.444722,-68.595,48.450833,-68.601111,,,,,,,,
Quebec,12025,No,2953-2462 Québec inc.,Bas-Saint-Laurent,"Au large de l'île aux Basques, en front de la municipalité de Trois-Pistoles",01/09/2009,31/12/2018,Green Sea Urchin,Harvest,91.3,91,100,"POLYGON((-69.243056 48.136389,-69.238889 48.131111,-69.255 48.125,-69.259444 48.13,-69.243056 48.136389))",48.136389,-69.243056,48.131111,-69.238889,48.125,-69.255,48.13,-69.259444,,,,,,,,
Quebec,12026,No,Moules Carleton-sur-Mer inc.,Gaspé,"Dans la baie de Cascapédia, en front de  la municipalité de Maria",01/09/2009,31/12/2018,Blue Mussel,Farming,70.2,35,50,"POLYGON((-66.022222 48.105556,-66.016944 48.100278,-66.028056 48.095278,-66.033333 48.100556,-66.022222 48.105556))",48.105556,-66.022222,48.100278,-66.016944,48.095278,-66.028056,48.100556,-66.033333,,,,,,,,
Quebec,12028,No,"Bérubé, Gaston",Bas-Saint-Laurent,"Autour du Récif Sud-Est de l'Ile du Bic, en front du secteur Le Bic de la municipalité de Rimouski",01/09/2009,31/12/2018,Green Sea Urchin,Harvest,33.1,33,100,"POLYGON((-68.810833 48.415833,-68.821389 48.410278,-68.819444 48.408889,-68.809167 48.414167,-68.827778 48.4075,-68.828611 48.409444,-68.810833 48.415833))",48.415833,-68.810833,48.410278,-68.821389,48.408889,-68.819444,48.414167,-68.809167,48.4075,-68.827778,48.409444,-68.828611,,,,
Quebec,12030,No,Les Moules Forillon Ltée,Gaspé,"Dans le bassin nord-ouest du havre de Gaspé, en front de la municipalité de Gaspé",01/09/2009,31/12/2018,Blue Mussel,Farming,114,114,100,"POLYGON((-64.483889 48.863889,-64.476944 48.855556,-64.471111 48.855556,-64.471111 48.846389,-64.488611 48.853889,-64.494444 48.856389,-64.483889 48.858333,-64.483889 48.863889))",48.863889,-64.483889,48.855556,-64.476944,48.855556,-64.471111,48.846389,-64.471111,48.853889,-64.488611,48.856389,-64.494444,48.858333,-64.483889,,
Quebec,12032,No,Les Moules Forillon Ltée,Gaspé,"Dans le bassin nord-ouest du havre de Gaspé, en front de la municipalité de Gaspé",01/09/2009,31/12/2018,Blue Mussel,Farming,30.5,30,100,"POLYGON((-64.490278 48.851667,-64.491667 48.85,-64.500556 48.85,-64.500556 48.855833,-64.490278 48.851667))",48.851667,-64.490278,48.85,-64.491667,48.85,-64.500556,48.855833,-64.500556,,,,,,,,
Quebec,12033,No,Les Moules Cascapédia Ltée,Gaspé,"Dans la baie de Cascapédia, en front de la municipalité de Maria",01/09/2009,31/12/2018,Blue Mussel,Farming,369.5,175,47,"POLYGON((-65.887222 48.122778,-65.887222 48.109167,-65.92 48.109167,-65.92 48.122778,-65.887222 48.122778))",48.122778,-65.887222,48.109167,-65.887222,48.109167,-65.92,48.122778,-65.92,,,,,,,,
Quebec,12034,No,Les Moules Cascapédia Ltée,Gaspé,"Dans la baie de Cascapédia, en front de la municipalité de Maria",01/09/2009,31/12/2018,Blue Mussel,Farming,326.2,300,92,"POLYGON((-66.001944 48.103056,-65.991389 48.093333,-66.017778 48.080278,-66.028333 48.09,-66.001944 48.103056))",48.103056,-66.001944,48.093333,-65.991389,48.080278,-66.017778,48.09,-66.028333,,,,,,,,
Quebec,12035,No,2953-2462 Québec inc.,Bas-Saint-Laurent,"Dans la baie du Ha! Ha!, en front du parc du Bic, situé dans le secteur Le Bic de la muncicipalité de Rimouski",01/09/2009,31/12/2018,Green Sea Urchin,Harvest,63.6,63.6,100,"POLYGON((-68.824722 48.35,-68.822778 48.343056,-68.833333 48.341667,-68.835278 48.348889,-68.824722 48.35))",48.35,-68.824722,48.343056,-68.822778,48.341667,-68.833333,48.348889,-68.835278,,,,,,,,
Quebec,12038,No,Ferme de développement maricole Nord-Sud inc.,Gaspé,Dans la baie de Tracadigache en front de la municipalité de Carleton-sur-Mer,01/09/2009,31/12/2018,Blue Mussel,Farming,169.4,50,37,"POLYGON((-66.183056 48.086667,-66.183056 48.075,-66.200556 48.075,-66.200556 48.086667,-66.183056 48.086667))",48.086667,-66.183056,48.075,-66.183056,48.075,-66.200556,48.086667,-66.200556,,,,,,,,
Quebec,12038,No,Ferme de développement maricole Nord-Sud inc.,Gaspé,Dans la baie de Tracadigache en front de la municipalité de Carleton-sur-Mer,01/09/2009,31/12/2018,Giant Scallop,Farming,169.4,50,37,"POLYGON((-66.183056 48.086667,-66.183056 48.075,-66.200556 48.075,-66.200556 48.086667,-66.183056 48.086667))",48.086667,-66.183056,48.075,-66.183056,48.075,-66.200556,48.086667,-66.200556,,,,,,,,
Quebec,12041,No,Listuguj Mi'gmaq First Nation Council,Gaspé,"Dans la baie de Cascapédia, en front de la municipalité de Maria",01/01/2010,31/12/2019,Blue Mussel,Farming,351.3,62,18,"POLYGON((-65.9725 48.117222,-65.961389 48.107778,-65.989444 48.094167,-66.000556 48.103889,-65.9725 48.117222))",48.117222,-65.9725,48.107778,-65.961389,48.094167,-65.989444,48.103889,-66.000556,,,,,,,48.105833,-65.981111
Quebec,12041,No,Listuguj Mi'gmaq First Nation Council,Gaspé,"Dans la baie de Cascapédia, en front de la municipalité de Maria",01/01/2010,31/12/2019,Giant Scallop,Farming,351.3,62,18,"POLYGON((-65.9725 48.117222,-65.961389 48.107778,-65.989444 48.094167,-66.000556 48.103889,-65.9725 48.117222))",48.117222,-65.9725,48.107778,-65.961389,48.094167,-65.989444,48.103889,-66.000556,,,,,,,48.105833,-65.981111
Quebec,12042,No,Listuguj Mi'gmaq First Nation Council,Gaspé,"Dans la baie de Cascapédia, en front de la municipalité de Maria",01/01/2010,31/12/2019,Blue Mussel,Farming,112.8,113,100,"POLYGON((-66.040833 48.097222,-66.034444 48.091389,-66.05 48.084444,-66.056389 48.090278,-66.040833 48.097222))",48.097222,-66.040833,48.091389,-66.034444,48.084444,-66.05,48.090278,-66.056389,,,,,,,48.090833,-66.045556
Quebec,12043,No,Listuguj Mi'gmaq First Nation Council,Gaspé,"Dana la baie de Cascapédia, en front de la municipalité de Maria",01/01/2010,31/12/2019,Blue Mussel,Farming,190.8,191,100,"POLYGON((-66.031944 48.089444,-66.020833 48.079167,-66.036389 48.0725,-66.0475 48.082222,-66.031944 48.089444))",48.089444,-66.031944,48.079167,-66.020833,48.0725,-66.036389,48.082222,-66.0475,,,,,,,48.080833,-66.034167
Quebec,12061,No,Les Moules Forillon Ltée,Gaspé,"Dans la baie de Gaspé, en front du cap Haldimand, en front de la municipalité de Gaspé",10/07/2009,31/12/2018,Blue Mussel,Farming,39.9,13.3,33,"POLYGON((-64.360556 48.805556,-64.35 48.797222,-64.353333 48.795278,-64.363889 48.803333,-64.360556 48.805556))",48.805556,-64.360556,48.797222,-64.35,48.795278,-64.353333,48.803333,-64.363889,,,,,,,48.800278,-64.35
Quebec,12063,No,Fermes Marines de Gaspé inc.,Gaspé,"Dans la baie de Gaspé, en front du lieu-dit Rosebridge, en front de la municipalité de Gaspé",02/10/2008,31/12/2017,Blue Mussel,Farming,70,35,50,"POLYGON((-64.451944 48.854722,-64.451944 48.85,-64.469722 48.85,-64.469722 48.854722,-64.451944 48.854722))",48.854722,-64.451944,48.85,-64.451944,48.85,-64.469722,48.854722,-64.469722,,,,,,,48.852222,-64.460833
Quebec,12063,No,Fermes Marines de Gaspé inc.,Gaspé,"Dans la baie de Gaspé, en front du lieu-dit Rosebridge, en front de la municipalité de Gaspé",02/10/2008,31/12/2017,Giant Scallop,Farming,70,35,50,"POLYGON((-64.451944 48.854722,-64.451944 48.85,-64.469722 48.85,-64.469722 48.854722,-64.451944 48.854722))",48.854722,-64.451944,48.85,-64.451944,48.85,-64.469722,48.854722,-64.469722,,,,,,,48.852222,-64.460833
Quebec,12063,No,Fermes Marines de Gaspé inc.,Gaspé,"Dans la baie de Gaspé, en front du lieu-dit Rosebridge, en front de la municipalité de Gaspé",02/10/2008,31/12/2017,American Oyster,Farming,70,35,50,"POLYGON((-64.451944 48.854722,-64.451944 48.85,-64.469722 48.85,-64.469722 48.854722,-64.451944 48.854722))",48.854722,-64.451944,48.85,-64.451944,48.85,-64.469722,48.854722,-64.469722,,,,,,,48.852222,-64.460833
Quebec,12064,No,Moules Tracadigash inc.,Gaspé,Dans la baie de Tracadigache en front de la municipalité de Carleton-sur-Mer,10/05/2010,31/12/2019,Blue Mussel,Farming,178.2,10,6,"POLYGON((-66.202222 48.077778,-66.202222 48.065833,-66.220278 48.065833,-66.220278 48.077778,-66.202222 48.077778))",48.077778,-66.202222,48.065833,-66.202222,48.065833,-66.220278,48.077778,-66.220278,,,,,,,48.071944,-66.211111
Quebec,12069,No,"GAUDREAULT, Carol",Bas-Saint-Laurent,"À l'est de l'île Bicquette, en front du secteur Le Bic de la municipalité de Rimouski",24/08/2011,31/12/2020,Green Sea Urchin,Harvest,19.7,19.7,100,"POLYGON((-68.874444 48.419444,-68.873611 48.417222,-68.883889 48.415833,-68.884722 48.418056,-68.874444 48.419444))",48.419444,-68.874444,48.417222,-68.873611,48.415833,-68.883889,48.418056,-68.884722,,,,,,,48.4175,-68.879722
Quebec,12076,No,Les moules de la baie de Gaspé inc.,Gaspé,"Au site Penouille sis dans le bassin nord-ouest du havre de Gaspé, en front de la municipalité de Gaspé",21/05/2014,31/12/2024,Blue Mussel,Farming,45.2,45,100,"POLYGON((-64.442778 48.852222,-64.442778 48.8475,-64.442778 48.85,-64.445833 48.846389,-64.450556 48.85,-64.450556 48.846389,-64.450556 48.855,-64.442778 48.852222))",48.852222,-64.442778,48.8475,-64.442778,48.85,-64.442778,48.846389,-64.445833,48.85,-64.450556,48.846389,-64.450556,48.855,-64.450556,,
Quebec,12077,No,Les moules de la baie de Gaspé inc.,Gaspé,"Au site 2 du bassin nord-ouest du havre de Gaspé, en front de la municipalité de Gaspé",21/05/2014,31/12/2024,Blue Mussel,Farming,52.4,52,100,"POLYGON((-64.460833 48.85,-64.451944 48.85,-64.451944 48.846389,-64.460833 48.846389,-64.469722 48.846389,-64.469722 48.85,-64.460833 48.85))",48.85,-64.460833,48.85,-64.451944,48.846389,-64.451944,48.846389,-64.460833,48.846389,-64.469722,48.85,-64.469722,,,,
Quebec,12077,No,Les moules de la baie de Gaspé inc.,Gaspé,"Au site 2 du bassin nord-ouest du havre de Gaspé, en front de la municipalité de Gaspé",21/05/2014,31/12/2024,Giant Scallop,Farming,52.4,52,100,"POLYGON((-64.460833 48.85,-64.451944 48.85,-64.451944 48.846389,-64.460833 48.846389,-64.469722 48.846389,-64.469722 48.85,-64.460833 48.85))",48.85,-64.460833,48.85,-64.451944,48.846389,-64.451944,48.846389,-64.460833,48.846389,-64.469722,48.85,-64.469722,,,,
Quebec,12078,No,Les moules de la baie de Gaspé inc.,Gaspé,"Au site 3 situé dans le bassin nord-ouest du havre de Gaspé, en front de la municipalité de Gaspé",21/05/2014,31/12/2024,Blue Mussel,Farming,45.6,45.6,100,"POLYGON((-64.451944 48.846389,-64.451944 48.843889,-64.459444 48.841389,-64.469722 48.845833,-64.469722 48.846389,-64.451944 48.846389))",48.846389,-64.451944,48.843889,-64.451944,48.841389,-64.459444,48.845833,-64.469722,48.846389,-64.469722,,,,,48.844167,-64.460833
Quebec,12078,No,Les moules de la baie de Gaspé inc.,Gaspé,"Au site 3 situé dans le bassin nord-ouest du havre de Gaspé, en front de la municipalité de Gaspé",21/05/2014,31/12/2024,Giant Scallop,Farming,45.6,45.6,100,"POLYGON((-64.451944 48.846389,-64.451944 48.843889,-64.459444 48.841389,-64.469722 48.845833,-64.469722 48.846389,-64.451944 48.846389))",48.846389,-64.451944,48.843889,-64.451944,48.841389,-64.459444,48.845833,-64.469722,48.846389,-64.469722,,,,,48.844167,-64.460833
Quebec,12079,No,Les moules de la baie de Gaspé inc.,Gaspé,"Au site 4, situé en front du cap Haldimand, en front de la baie de Gaspé, elle-même sise en front de la municipalité de Gaspé",21/05/2014,31/12/2024,Blue Mussel,Farming,52.4,52.4,100,"POLYGON((-64.343333 48.786111,-64.348333 48.783333,-64.358333 48.790556,-64.353056 48.793611,-64.343333 48.786111))",48.786111,-64.343333,48.783333,-64.348333,48.790556,-64.358333,48.793611,-64.353056,,,,,,,48.786389,-64.346111
Quebec,12079,No,Les moules de la baie de Gaspé inc.,Gaspé,"Au site 4, situé en front du cap Haldimand, en front de la baie de Gaspé, elle-même sise en front de la municipalité de Gaspé",21/05/2014,31/12/2024,Giant Scallop,Farming,52.4,52.4,100,"POLYGON((-64.343333 48.786111,-64.348333 48.783333,-64.358333 48.790556,-64.353056 48.793611,-64.343333 48.786111))",48.786111,-64.343333,48.783333,-64.348333,48.790556,-64.358333,48.793611,-64.353056,,,,,,,48.786389,-64.346111
Quebec,13001,No,Pec-Nord inc. (BJC),North Shore,"Dans la baie Jacques-Cartier, en front de la municipalité de Saint-Augustin selon les coordonnées du site indiquées",01/09/2009,31/12/2018,Giant Scallop,Farming,1428.5,286,20,"POLYGON((-58.286667 51.339167,-58.252778 51.268333,-58.282778 51.268333,-58.29 51.339167,-58.286667 51.339167))",51.339167,-58.286667,51.268333,-58.252778,51.268333,-58.282778,51.339167,-58.29,,,,,,,,
Quebec,13001,No,Pec-Nord inc. (BJC),North Shore,"Dans la baie Jacques-Cartier, en front de la municipalité de Saint-Augustin selon les coordonnées du site indiquées",01/09/2009,31/12/2018,Iceland Scallop,Farming,1428.5,286,20,"POLYGON((-58.286667 51.339167,-58.252778 51.268333,-58.282778 51.268333,-58.29 51.339167,-58.286667 51.339167))",51.339167,-58.286667,51.268333,-58.252778,51.268333,-58.282778,51.339167,-58.29,,,,,,,,
Quebec,13003,No,Belles-Amours inc.,North Shore,"Dans la baie des Belles-Amours, sise en front de la municipalité de la North Shore-du-Golfe-du-Saint-Laurent",01/01/2013,31/12/2022,Blue Mussel,Farming,115.6,29,25,"POLYGON((-57.446111 51.4725,-57.446667 51.47,-57.449167 51.474444,-57.446111 51.4725))",51.4725,-57.446111,51.47,-57.446667,51.474444,-57.449167,,,,,,,,,,
Quebec,13003,No,Belles-Amours inc.,North Shore,"Dans la baie des Belles-Amours, sise en front de la municipalité de la North Shore-du-Golfe-du-Saint-Laurent",01/01/2013,31/12/2022,Giant Scallop,Farming,115.6,29,25,"POLYGON((-57.446111 51.4725,-57.446667 51.47,-57.449167 51.474444,-57.446111 51.4725))",51.4725,-57.446111,51.47,-57.446667,51.474444,-57.449167,,,,,,,,,,
Quebec,13003,No,Belles-Amours inc.,North Shore,"Dans la baie des Belles-Amours, sise en front de la municipalité de la North Shore-du-Golfe-du-Saint-Laurent",01/01/2013,31/12/2022,Green Sea Urchin,Harvest,115.6,29,25,"POLYGON((-57.446111 51.4725,-57.446667 51.47,-57.449167 51.474444,-57.446111 51.4725))",51.4725,-57.446111,51.47,-57.446667,51.474444,-57.449167,,,,,,,,,,
Quebec,13005,No,Pec-Nord inc. (BJC),North Shore,"Dans la baie des Homards, en front de la municipalité de Bonne Espérance selon les coordonnées du site indiquées",01/09/2009,31/12/2018,Giant Scallop,Farming,172.6,0,0,"LINESTRING(-58.054444 51.325833,-58.061944 51.325833)",51.325833,-58.054444,51.325833,-58.061944,,,,,,,,,,,,
Quebec,13006,No,Aqua Labadie enr.,North Shore,"Dans la baie aux Saumons, en front de la municipalité de Bonne-Espérance",01/09/2009,31/12/2018,Giant Scallop,Farming,240.9,60,25,"POLYGON((-57.588889 51.448056,-57.610556 51.432222,-57.613611 51.433333,-57.588889 51.448056))",51.448056,-57.588889,51.432222,-57.610556,51.433333,-57.613611,,,,,,,,,,
Quebec,14001,No,Pêcherie Picard inc.,North Shore,"Dans l'archipel de Mingan, en un lieu-dit de la Grosse île au Marteau, en front de la municipalité de Havre-Saint-Pierre",01/09/2009,31/12/2018,Iceland Scallop,Farming,98.3,0,0,"POLYGON((-63.544722 50.231389,-63.526667 50.226667,-63.529444 50.221111,-63.541944 50.223611,-63.549444 50.228611,-63.544722 50.231389))",50.231389,-63.544722,50.226667,-63.526667,50.221111,-63.529444,50.223611,-63.541944,50.228611,-63.549444,,,,,,
Quebec,14008,No,La ferme maricole Purmer inc.,North Shore,"En un lieu sis en font des berges de l'île de la Grosse-Boule, lui-même situé en front de la MRC des Sept-Rivières",01/09/2009,31/12/2018,Giant Scallop,Farming,81.5,20,20,"POLYGON((-66.2925 50.153056,-66.291389 50.149167,-66.297778 50.144444,-66.299722 50.142778,-66.29889 50.14306,-66.304444 50.142778,-66.304444 50.152778,-66.2925 50.153056))",50.153056,-66.2925,50.149167,-66.291389,50.144444,-66.297778,50.142778,-66.299722,50.14306,-66.29889,50.142778,-66.304444,50.152778,-66.304444,,
Quebec,14008,No,La ferme maricole Purmer inc.,North Shore,"En un lieu sis en font des berges de l'île de la Grosse-Boule, lui-même situé en front de la MRC des Sept-Rivières",01/09/2009,31/12/2018,Green Sea Urchin,Harvest,81.5,20,20,"POLYGON((-66.2925 50.153056,-66.291389 50.149167,-66.297778 50.144444,-66.299722 50.142778,-66.29889 50.14306,-66.304444 50.142778,-66.304444 50.152778,-66.2925 50.153056))",50.153056,-66.2925,50.149167,-66.291389,50.144444,-66.297778,50.142778,-66.299722,50.14306,-66.29889,50.142778,-66.304444,50.152778,-66.304444,,
Quebec,14008,No,La ferme maricole Purmer inc.,North Shore,"En un lieu sis en font des berges de l'île de la Grosse-Boule, lui-même situé en front de la MRC des Sept-Rivières",01/09/2009,31/12/2018,Iceland Scallop,Farming,81.5,20,20,"POLYGON((-66.2925 50.153056,-66.291389 50.149167,-66.297778 50.144444,-66.299722 50.142778,-66.29889 50.14306,-66.304444 50.142778,-66.304444 50.152778,-66.2925 50.153056))",50.153056,-66.2925,50.149167,-66.291389,50.144444,-66.297778,50.142778,-66.299722,50.14306,-66.29889,50.142778,-66.304444,50.152778,-66.304444,,
Quebec,14008,No,La ferme maricole Purmer inc.,North Shore,"En un lieu sis en font des berges de l'île de la Grosse-Boule, lui-même situé en front de la MRC des Sept-Rivières",01/09/2009,31/12/2018,American Oyster,Farming,81.5,20,20,"POLYGON((-66.2925 50.153056,-66.291389 50.149167,-66.297778 50.144444,-66.299722 50.142778,-66.29889 50.14306,-66.304444 50.142778,-66.304444 50.152778,-66.2925 50.153056))",50.153056,-66.2925,50.149167,-66.291389,50.144444,-66.297778,50.142778,-66.299722,50.14306,-66.29889,50.142778,-66.304444,50.152778,-66.304444,,
Quebec,14008,No,La ferme maricole Purmer inc.,North Shore,"En un lieu sis en font des berges de l'île de la Grosse-Boule, lui-même situé en front de la MRC des Sept-Rivières",01/09/2009,31/12/2018,Blue Mussel,Farming,81.5,20,20,"POLYGON((-66.2925 50.153056,-66.291389 50.149167,-66.297778 50.144444,-66.299722 50.142778,-66.29889 50.14306,-66.304444 50.142778,-66.304444 50.152778,-66.2925 50.153056))",50.153056,-66.2925,50.149167,-66.291389,50.144444,-66.297778,50.142778,-66.299722,50.14306,-66.29889,50.142778,-66.304444,50.152778,-66.304444,,
Quebec,14008,No,La ferme maricole Purmer inc.,North Shore,"En un lieu sis en font des berges de l'île de la Grosse-Boule, lui-même situé en front de la MRC des Sept-Rivières",01/09/2009,31/12/2018,Sugar Kelp,Culture,81.5,20,20,"POLYGON((-66.2925 50.153056,-66.291389 50.149167,-66.297778 50.144444,-66.299722 50.142778,-66.29889 50.14306,-66.304444 50.142778,-66.304444 50.152778,-66.2925 50.153056))",50.153056,-66.2925,50.149167,-66.291389,50.144444,-66.297778,50.142778,-66.299722,50.14306,-66.29889,50.142778,-66.304444,50.152778,-66.304444,,
Quebec,14011,No,Pêcherie Picard inc.,North Shore,"Dans l'archipel de Mingan, en un lieu sis au nord-est de l'Île Saint-Charles, en front de la muncipalité de Havre-Saint-Pierre",19/03/2010,31/12/2018,Blue Mussel,Farming,16,0,0,"POLYGON((-63.296111 50.206667,-63.297222 50.203333,-63.302778 50.203889,-63.301667 50.2075,-63.296111 50.206667))",50.206667,-63.296111,50.203333,-63.297222,50.203889,-63.302778,50.2075,-63.301667,,,,,,,,
Quebec,11042,Yes,La Moule du large inc.,Magdalen Islands,"Dans la lagune de Havre-aux-Maisons, en front de la municipalité des Magdalen Islands",15/04/2015,21/12/2017,Common Softshell Clam,Research and Experimentation Activities,4.8,4.8,100,"POLYGON((-61.8275 47.432778,-61.829722 47.431944,-61.833333 47.432778,-61.832222 47.433889,-61.8275 47.432778))",47.432778,-61.8275,47.431944,-61.829722,47.432778,-61.833333,47.433889,-61.832222,,,,,,,,
Quebec,11040,Yes,MERINOV,Magdalen Islands,"Dans la baie de Plaisance, en front de la municipalité des Magdalen Islands",27/07/2011,31/12/2016,Blue Mussel,Research and Experimentation Activities,10.1,10.1,100,"POLYGON((-61.758889 47.36,-61.753611 47.358889,-61.754722 47.356944,-61.76 47.358056,-61.758889 47.36))",47.36,-61.758889,47.358889,-61.753611,47.356944,-61.754722,47.358056,-61.76,,,,,,,,
Quebec,11040,Yes,MERINOV,Magdalen Islands,"Dans la baie de Plaisance, en front de la municipalité des Magdalen Islands",27/07/2011,31/12/2016,Giant Scallop,Research and Experimentation Activities,10.1,10.1,100,"POLYGON((-61.758889 47.36,-61.753611 47.358889,-61.754722 47.356944,-61.76 47.358056,-61.758889 47.36))",47.36,-61.758889,47.358889,-61.753611,47.356944,-61.754722,47.358056,-61.76,,,,,,,,
Quebec,11040,Yes,MERINOV,Magdalen Islands,"Dans la baie de Plaisance, en front de la municipalité des Magdalen Islands",27/07/2011,31/12/2016,American Oyster,Research and Experimentation Activities,10.1,10.1,100,"POLYGON((-61.758889 47.36,-61.753611 47.358889,-61.754722 47.356944,-61.76 47.358056,-61.758889 47.36))",47.36,-61.758889,47.358889,-61.753611,47.356944,-61.754722,47.358056,-61.76,,,,,,,,
Quebec,11040,Yes,MERINOV,Magdalen Islands,"Dans la baie de Plaisance, en front de la municipalité des Magdalen Islands",27/07/2011,31/12/2016,Brown Algae,Research and Experimentation Activities,10.1,10.1,100,"POLYGON((-61.758889 47.36,-61.753611 47.358889,-61.754722 47.356944,-61.76 47.358056,-61.758889 47.36))",47.36,-61.758889,47.358889,-61.753611,47.356944,-61.754722,47.358056,-61.76,,,,,,,,
Quebec,11040,Yes,MERINOV,Magdalen Islands,"Dans la baie de Plaisance, en front de la municipalité des Magdalen Islands",27/07/2011,31/12/2016,American Lobster,Research and Experimentation Activities,10.1,10.1,100,"POLYGON((-61.758889 47.36,-61.753611 47.358889,-61.754722 47.356944,-61.76 47.358056,-61.758889 47.36))",47.36,-61.758889,47.358889,-61.753611,47.356944,-61.754722,47.358056,-61.76,,,,,,,,
Quebec,11039,Yes,MERINOV,Gaspé,"Dans la lagune de Havre-aux Maisons, en front de la municipalité des Magdalen Islands",27/07/2011,31/12/2016,Sugar Kelp,Research and Experimentation Activities,9,,,"POLYGON((-61.828889 47.416944,-61.823889 47.413333,-61.826667 47.413056,-61.830556 47.415833,-61.828889 47.416944))",47.416944,-61.828889,47.413333,-61.823889,47.413056,-61.826667,47.415833,-61.830556,,,,,,,,
Quebec,12070,Yes,MERINOV,Gaspé,"Dans la baie de Tracadigache, en front de la municipalité de Carleton-sur-Mer",25/08/2011,31/12/2020,Blue Mussel,Research and Experimentation Activities,8.4,8.4,100,"POLYGON((-66.195 48.073611,-66.195 48.071944,-66.200556 48.071944,-66.200556 48.073611,-66.195 48.073611))",48.073611,-66.195,48.071944,-66.195,48.071944,-66.200556,48.073611,-66.200556,,,,,,,48.072778,-66.197778
Quebec,12070,Yes,MERINOV,Gaspé,"Dans la baie de Tracadigache, en front de la municipalité de Carleton-sur-Mer",25/08/2011,31/12/2020,Giant Scallop,Research and Experimentation Activities,8.4,8.4,100,"POLYGON((-66.195 48.073611,-66.195 48.071944,-66.200556 48.071944,-66.200556 48.073611,-66.195 48.073611))",48.073611,-66.195,48.071944,-66.195,48.071944,-66.200556,48.073611,-66.200556,,,,,,,48.072778,-66.197778
Quebec,12070,Yes,MERINOV,Gaspé,"Dans la baie de Tracadigache, en front de la municipalité de Carleton-sur-Mer",25/08/2011,31/12/2020,American Oyster,Research and Experimentation Activities,8.4,8.4,100,"POLYGON((-66.195 48.073611,-66.195 48.071944,-66.200556 48.071944,-66.200556 48.073611,-66.195 48.073611))",48.073611,-66.195,48.071944,-66.195,48.071944,-66.200556,48.073611,-66.200556,,,,,,,48.072778,-66.197778
Quebec,12070,Yes,MERINOV,Gaspé,"Dans la baie de Tracadigache, en front de la municipalité de Carleton-sur-Mer",25/08/2011,31/12/2020,Macroalgae,Research and Experimentation Activities,8.4,8.4,100,"POLYGON((-66.195 48.073611,-66.195 48.071944,-66.200556 48.071944,-66.200556 48.073611,-66.195 48.073611))",48.073611,-66.195,48.071944,-66.195,48.071944,-66.200556,48.073611,-66.200556,,,,,,,48.072778,-66.197778
Quebec,12071,Yes,MERINOV,Gaspé,"Dans la baie de Cascapédia, en front de la municipalité de Maria",25/08/2011,31/12/2020,Blue Mussel,Research and Experimentation Activities,8.9,8.9,100,"POLYGON((-66.016111 48.111944,-66.014444 48.110278,-66.018889 48.108056,-66.020556 48.109722,-66.016111 48.111944))",48.111944,-66.016111,48.110278,-66.014444,48.108056,-66.018889,48.109722,-66.020556,,,,,,,48.11,-66.0175
Quebec,12071,Yes,MERINOV,Gaspé,"Dans la baie de Cascapédia, en front de la municipalité de Maria",25/08/2011,31/12/2020,Giant Scallop,Research and Experimentation Activities,8.9,8.9,100,"POLYGON((-66.016111 48.111944,-66.014444 48.110278,-66.018889 48.108056,-66.020556 48.109722,-66.016111 48.111944))",48.111944,-66.016111,48.110278,-66.014444,48.108056,-66.018889,48.109722,-66.020556,,,,,,,48.11,-66.0175
Quebec,12071,Yes,MERINOV,Gaspé,"Dans la baie de Cascapédia, en front de la municipalité de Maria",25/08/2011,31/12/2020,American Oyster,Research and Experimentation Activities,8.9,8.9,100,"POLYGON((-66.016111 48.111944,-66.014444 48.110278,-66.018889 48.108056,-66.020556 48.109722,-66.016111 48.111944))",48.111944,-66.016111,48.110278,-66.014444,48.108056,-66.018889,48.109722,-66.020556,,,,,,,48.11,-66.0175
Quebec,12071,Yes,MERINOV,Gaspé,"Dans la baie de Cascapédia, en front de la municipalité de Maria",25/08/2011,31/12/2020,Macroalgae,Research and Experimentation Activities,8.9,8.9,100,"POLYGON((-66.016111 48.111944,-66.014444 48.110278,-66.018889 48.108056,-66.020556 48.109722,-66.016111 48.111944))",48.111944,-66.016111,48.110278,-66.014444,48.108056,-66.018889,48.109722,-66.020556,,,,,,,48.11,-66.0175
Quebec,12080,Yes,MERINOV,Gaspé,"En front de Paspébiac, comté de bonaventure",21/10/2015,01/10/2019,Sugar Kelp,Research and Experimentation Activities,7.5,7.5,100,"POLYGON((-65.297778 48.001944,-65.296667 48.000556,-65.299722 47.999444,-65.300833 48.000833,-65.297778 48.001944))",48.001944,-65.297778,48.000556,-65.296667,47.999444,-65.299722,48.000833,-65.300833,,,,,,,,
Quebec,14012,Yes,Les moules de la Minganie,North Shore,"Archipel de Mingan, au site de la Grande Île",19/08/2013,30/11/2017,Blue Mussel,Research and Experimentation Activities,,,,"LINESTRING(-63.865 50.230556,-63.866111 50.231111)",50.230556,-63.865,50.231111,-63.866111,,,,,,,,,,,,
Quebec,14013,Yes,Les moules de la Minganie,North Shore,"Archipel de Mingan, en un lieu situé au nord de l'île à Bouleau de Terre",12/08/2016,30/11/2017,Blue Mussel,Research and Experimentation Activities,,,,"LINESTRING(-64.010278 50.252222,-64.012778 50.251944)",50.252222,-64.010278,50.251944,-64.012778,,,,,,,,,,,,
Quebec,14013,Yes,Les moules de la Minganie,North Shore,"Archipel de Mingan, en un lieu situé au nord de l'île à Bouleau de Terre",12/08/2016,30/11/2017,Green Sea Urchin,Research and Experimentation Activities,,,,"LINESTRING(-64.010278 50.252222,-64.012778 50.251944)",50.252222,-64.010278,50.251944,-64.012778,,,,,,,,,,,,
Quebec,14014,Yes,Les moules de la Minganie,North Shore,"Archipel de Mingan, en un lieu au nord de l'île à Bouleaux du Large",19/08/2013,30/11/2017,Blue Mussel,Research and Experimentation Activities,,,,"LINESTRING(-63.983611 50.233333,-63.983889 50.2325)",50.233333,-63.983611,50.2325,-63.983889,,,,,,,,,,,,
Quebec,14015,Yes,Les moules de la Minganie,North Shore,"Archipel de Mingan, en un lieu au nord de la Caye à Cochons",19/08/2013,30/11/2017,Blue Mussel,Research and Experimentation Activities,,,,"LINESTRING(-63.925833 50.280556,-63.927222 50.280556)",50.280556,-63.925833,50.280556,-63.927222,,,,,,,,,,,,